"Protein","Missed Cleavages Max","Enzyme","Mass","Position","Missed Clevages","Sequence"
"RhoA",2,"Trypsin",8151.8881,"28-98",2,"DQFPEVYVPTVFENYVADIE VDGKQVELALWDTAGQEDYD RLRPLSYPDTDVILMCFSID SPDSLENIPEK"
"RhoA",2,"Trypsin",6137.9674,"52-104",2,"QVELALWDTAGQEDYDRLRP LSYPDTDVILMCFSIDSPDS LENIPEKWTPEVK"
"RhoA",2,"Trypsin",5767.8039,"19-68",2,"TCLLIVFSKDQFPEVYVPTV FENYVADIEVDGKQVELALW DTAGQEDYDR"
"RhoA",2,"Trypsin",5679.8939,"69-118",2,"LRPLSYPDTDVILMCFSIDS PDSLENIPEKWTPEVKHFCP NVPIILVGNK"
"RhoA",2,"Trypsin",5397.5817,"52-98",1,"QVELALWDTAGQEDYDRLRP LSYPDTDVILMCFSIDSPDS LENIPEK"
"RhoA",2,"Trypsin",4790.4346,"8-51",2,"LVIVGDGACGKTCLLIVFSK DQFPEVYVPTVFENYVADIE VDGK"
"RhoA",2,"Trypsin",4763.231,"28-68",1,"DQFPEVYVPTVFENYVADIE VDGKQVELALWDTAGQEDYD R"
"RhoA",2,"Trypsin",4148.0606,"69-104",1,"LRPLSYPDTDVILMCFSIDS PDSLENIPEKWTPEVK"
"RhoA",2,"Trypsin",3777.8971,"19-51",1,"TCLLIVFSKDQFPEVYVPTV FENYVADIEVDGK"
"RhoA",2,"Trypsin",3407.6749,"69-98",0,"LRPLSYPDTDVILMCFSIDS PDSLENIPEK"
"RhoA",2,"Trypsin",3013.3964,"136-162",2,"QEPVKPEEGRDMANRIGAFG YMECSAK"
"RhoA",2,"Trypsin",2773.3242,"28-51",0,"DQFPEVYVPTVFENYVADIE VDGK"
"RhoA",2,"Trypsin",2419.3318,"99-119",2,"WTPEVKHFCPNVPIILVGNK K"
"RhoA",2,"Trypsin",2291.2368,"99-118",1,"WTPEVKHFCPNVPIILVGNK"
"RhoA",2,"Trypsin",2164.2232,"7-27",2,"KLVIVGDGACGKTCLLIVFS K"
"RhoA",2,"Trypsin",2092.9612,"146-164",2,"DMANRIGAFGYMECSAKTK"
"RhoA",2,"Trypsin",2063.1582,"105-122",2,"HFCPNVPIILVGNKKDLR"
"RhoA",2,"Trypsin",2036.1282,"8-27",1,"LVIVGDGACGKTCLLIVFSK"
"RhoA",2,"Trypsin",2020.0392,"165-182",2,"DGVREVFEMATRAALQAR"
"RhoA",2,"Trypsin",2014.9797,"134-150",2,"MKQEPVKPEEGRDMANR"
"RhoA",2,"Trypsin",2008.9246,"52-68",0,"QVELALWDTAGQEDYDR"
"RhoA",2,"Trypsin",1932.9306,"151-168",2,"IGAFGYMECSAKTKDGVR"
"RhoA",2,"Trypsin",1868.9898,"130-145",2,"ELAKMKQEPVKPEEGR"
"RhoA",2,"Trypsin",1863.8186,"146-162",1,"DMANRIGAFGYMECSAK"
"RhoA",2,"Trypsin",1755.8442,"136-150",1,"QEPVKPEEGRDMANR"
"RhoA",2,"Trypsin",1748.9224,"169-183",2,"EVFEMATRAALQARR"
"RhoA",2,"Trypsin",1678.9461,"105-119",1,"HFCPNVPIILVGNKK"
"RhoA",2,"Trypsin",1638.8268,"163-176",2,"TKDGVREVFEMATR"
"RhoA",2,"Trypsin",1592.8213,"169-182",1,"EVFEMATRAALQAR"
"RhoA",2,"Trypsin",1550.8511,"105-118",0,"HFCPNVPIILVGNK"
"RhoA",2,"Trypsin",1505.7127,"151-164",1,"IGAFGYMECSAKTK"
"RhoA",2,"Trypsin",1427.7311,"134-145",1,"MKQEPVKPEEGR"
"RhoA",2,"Trypsin",1409.6841,"165-176",1,"DGVREVFEMATR"
"RhoA",2,"Trypsin",1368.6978,"123-133",2,"NDEHTRRELAK"
"RhoA",2,"Trypsin",1311.6512,"120-129",2,"DLRNDEHTRR"
"RhoA",2,"Trypsin",1287.7453,"6-18",2,"KKLVIVGDGACGK"
"RhoA",2,"Trypsin",1283.6451,"119-128",2,"KDLRNDEHTR"
"RhoA",2,"Trypsin",1276.57,"151-162",0,"IGAFGYMECSAK"
"RhoA",2,"Trypsin",1168.5956,"136-145",0,"QEPVKPEEGR"
"RhoA",2,"Trypsin",1159.6503,"7-18",1,"KLVIVGDGACGK"
"RhoA",2,"Trypsin",1155.5501,"120-128",1,"DLRNDEHTR"
"RhoA",2,"Trypsin",1031.5553,"8-18",0,"LVIVGDGACGK"
"RhoA",2,"Trypsin",1023.5907,"19-27",0,"TCLLIVFSK"
"RhoA",2,"Trypsin",982.4662,"169-176",0,"EVFEMATR"
"RhoA",2,"Trypsin",970.5904,"177-185",2,"AALQARRGK"
"RhoA",2,"Trypsin",927.4391,"123-129",1,"NDEHTRR"
"RhoA",2,"Trypsin",875.5131,"129-135",2,"RELAKMK"
"RhoA",2,"Trypsin",817.5076,"1-7",2,"MAAIRKK"
"RhoA",2,"Trypsin",785.474,"177-183",1,"AALQARR"
"RhoA",2,"Trypsin",771.338,"123-128",0,"NDEHTR"
"RhoA",2,"Trypsin",759.4035,"99-104",0,"WTPEVK"
"RhoA",2,"Trypsin",719.412,"130-135",1,"ELAKMK"
"RhoA",2,"Trypsin",689.4127,"1-6",1,"MAAIRK"
"RhoA",2,"Trypsin",675.3784,"163-168",1,"TKDGVR"
"RhoA",2,"Trypsin",629.3729,"177-182",0,"AALQAR"
"RhoA",2,"Trypsin",616.3777,"129-133",1,"RELAK"
"RhoA",2,"Trypsin",606.2664,"146-150",0,"DMANR"
"RhoA",2,"Trypsin",561.3177,"1-5",0,"MAAIR"
"RhoA",2,"Trypsin",531.3249,"119-122",1,"KDLR"
"RhoA",2,"Trypsin",522.2704,"186-190",2,"KKSGC"
"Eg5",2,"Trypsin",6127.8747,"84-138",2,"SVVCPILDEVIMGYNCTIFA YGQTGTGKTFTMEGERSPNE EYTWEEDPLAGIIPR"
"Eg5",2,"Trypsin",5202.497,"65-111",2,"TYTFDMVFGASTKQIDVYRS VVCPILDEVIMGYNCTIFAY GQTGTGK"
"Eg5",2,"Trypsin",4975.4193,"147-189",2,"LTDNGTEFSVKVSLLEIYNE ELFDLLNPSSDVSERLQMFD DPR"
"Eg5",2,"Trypsin",4969.4992,"139-181",2,"TLHQIFEKLTDNGTEFSVKV SLLEIYNEELFDLLNPSSDV SER"
"Eg5",2,"Trypsin",4705.2445,"78-119",2,"QIDVYRSVVCPILDEVIMGY NCTIFAYGQTGTGKTFTMEG ER"
"Eg5",2,"Trypsin",4404.1669,"120-157",2,"SPNEEYTWEEDPLAGIIPRT LHQIFEKLTDNGTEFSVK"
"Eg5",2,"Trypsin",4307.3245,"330-368",2,"TSIIATISPASLNLEETLST LEYAHRAKNILNKPEVNQK"
"Eg5",2,"Trypsin",4164.0018,"112-146",2,"TFTMEGERSPNEEYTWEEDP LAGIIPRTLHQIFEK"
"Eg5",2,"Trypsin",4027.1458,"319-355",2,"ILQDSLGGRTRTSIIATISP ASLNLEETLSTLEYAHR"
"Eg5",2,"Trypsin",4025.98,"158-191",2,"VSLLEIYNEELFDLLNPSSD VSERLQMFDDPRNK"
"Eg5",2,"Trypsin",3972.96,"147-181",1,"LTDNGTEFSVKVSLLEIYNE ELFDLLNPSSDVSER"
"Eg5",2,"Trypsin",3954.9575,"222-257",2,"TTAATLMNAYSSRSHSVFSV TIHMKETTIDGEELVK"
"Eg5",2,"Trypsin",3930.842,"84-119",1,"SVVCPILDEVIMGYNCTIFA YGQTGTGKTFTMEGER"
"Eg5",2,"Trypsin",3783.8421,"158-189",1,"VSLLEIYNEELFDLLNPSSD VSERLQMFDDPR"
"Eg5",2,"Trypsin",3753.8324,"78-111",1,"QIDVYRSVVCPILDEVIMGY NCTIFAYGQTGTGK"
"Eg5",2,"Trypsin",3286.7641,"328-357",2,"TRTSIIATISPASLNLEETL STLEYAHRAK"
"Eg5",2,"Trypsin",3217.7803,"284-312",2,"EAGNINQSLLTLGRVITALV ERTPHVPYR"
"Eg5",2,"Trypsin",3212.5898,"120-146",1,"SPNEEYTWEEDPLAGIIPRT LHQIFEK"
"Eg5",2,"Trypsin",3167.4626,"112-138",1,"TFTMEGERSPNEEYTWEEDP LAGIIPR"
"Eg5",2,"Trypsin",3087.632,"328-355",1,"TRTSIIATISPASLNLEETL STLEYAHR"
"Eg5",2,"Trypsin",3029.6153,"330-357",1,"TSIIATISPASLNLEETLST LEYAHRAK"
"Eg5",2,"Trypsin",2983.5945,"247-274",2,"ETTIDGEELVKIGKLNLVDL AGSENIGR"
"Eg5",2,"Trypsin",2979.43,"84-111",0,"SVVCPILDEVIMGYNCTIFA YGQTGTGK"
"Eg5",2,"Trypsin",2896.4556,"221-246",2,"RTTAATLMNAYSSRSHSVFS VTIHMK"
"Eg5",2,"Trypsin",2885.5077,"235-260",2,"SHSVFSVTIHMKETTIDGEE LVKIGK"
"Eg5",2,"Trypsin",2830.4832,"330-355",0,"TSIIATISPASLNLEETLST LEYAHR"
"Eg5",2,"Trypsin",2781.3828,"158-181",0,"VSLLEIYNEELFDLLNPSSD VSER"
"Eg5",2,"Trypsin",2767.5239,"193-216",2,"GVIIKGLEEITVHNKDEVYQ ILEK"
"Eg5",2,"Trypsin",2740.3545,"222-246",1,"TTAATLMNAYSSRSHSVFSV TIHMK"
"Eg5",2,"Trypsin",2598.3027,"25-47",2,"CRPFNLAERKASAHSIVECD PVR"
"Eg5",2,"Trypsin",2594.4736,"282-305",2,"AREAGNINQSLLTLGRVITA LVER"
"Eg5",2,"Trypsin",2587.3072,"235-257",1,"SHSVFSVTIHMKETTIDGEE LVK"
"Eg5",2,"Trypsin",2584.3616,"198-220",2,"GLEEITVHNKDEVYQILEKG AAK"
"Eg5",2,"Trypsin",2370.1798,"64-83",2,"KTYTFDMVFGASTKQIDVYR"
"Eg5",2,"Trypsin",2367.3354,"284-305",1,"EAGNINQSLLTLGRVITALV ER"
"Eg5",2,"Trypsin",2326.2724,"258-280",2,"IGKLNLVDLAGSENIGRSGA VDK"
"Eg5",2,"Trypsin",2257.171,"198-216",1,"GLEEITVHNKDEVYQILEK"
"Eg5",2,"Trypsin",2242.0848,"65-83",1,"TYTFDMVFGASTKQIDVYR"
"Eg5",2,"Trypsin",2216.0505,"120-138",0,"SPNEEYTWEEDPLAGIIPR"
"Eg5",2,"Trypsin",2207.1342,"139-157",1,"TLHQIFEKLTDNGTEFSVK"
"Eg5",2,"Trypsin",2184.1731,"261-281",2,"LNLVDLAGSENIGRSGAVDK R"
"Eg5",2,"Trypsin",2099.1654,"16-33",2,"GKNIQVVVRCRPFNLAER"
"Eg5",2,"Trypsin",2095.1658,"298-315",2,"VITALVERTPHVPYRESK"
"Eg5",2,"Trypsin",2082.076,"35-53",2,"ASAHSIVECDPVRKEVSVR"
"Eg5",2,"Trypsin",2042.144,"18-34",2,"NIQVVVRCRPFNLAERK"
"Eg5",2,"Trypsin",2028.0719,"261-280",1,"LNLVDLAGSENIGRSGAVDK"
"Eg5",2,"Trypsin",1925.9425,"61-77",2,"SSRKTYTFDMVFGASTK"
"Eg5",2,"Trypsin",1914.049,"18-33",1,"NIQVVVRCRPFNLAER"
"Eg5",2,"Trypsin",1869.9599,"217-234",2,"GAAKRTTAATLMNAYSSR"
"Eg5",2,"Trypsin",1869.0413,"281-297",2,"RAREAGNINQSLLTLGR"
"Eg5",2,"Trypsin",1806.0595,"192-207",2,"RGVIIKGLEEITVHNK"
"Eg5",2,"Trypsin",1768.9915,"258-274",1,"IGKLNLVDLAGSENIGR"
"Eg5",2,"Trypsin",1750.9962,"298-312",1,"VITALVERTPHVPYR"
"Eg5",2,"Trypsin",1712.9402,"282-297",1,"AREAGNINQSLLTLGR"
"Eg5",2,"Trypsin",1709.9908,"356-370",2,"AKNILNKPEVNQKLT"
"Eg5",2,"Trypsin",1672.934,"313-327",2,"ESKLTRILQDSLGGR"
"Eg5",2,"Trypsin",1649.9584,"193-207",1,"GVIIKGLEEITVHNK"
"Eg5",2,"Trypsin",1639.8584,"34-48",2,"KASAHSIVECDPVRK"
"Eg5",2,"Trypsin",1619.8751,"208-221",2,"DEVYQILEKGAAKR"
"Eg5",2,"Trypsin",1595.7774,"64-77",1,"KTYTFDMVFGASTK"
"Eg5",2,"Trypsin",1585.9132,"316-329",2,"LTRILQDSLGGRTR"
"Eg5",2,"Trypsin",1583.8652,"306-318",2,"TPHVPYRESKLTR"
"Eg5",2,"Trypsin",1561.8292,"49-63",2,"EVSVRTGGLADKSSR"
"Eg5",2,"Trypsin",1542.7693,"221-234",1,"RTTAATLMNAYSSR"
"Eg5",2,"Trypsin",1531.8213,"247-260",1,"ETTIDGEELVKIGK"
"Eg5",2,"Trypsin",1511.7634,"34-47",1,"KASAHSIVECDPVR"
"Eg5",2,"Trypsin",1511.7634,"35-48",1,"ASAHSIVECDPVRK"
"Eg5",2,"Trypsin",1510.8587,"358-370",1,"NILNKPEVNQKLT"
"Eg5",2,"Trypsin",1495.8591,"356-368",1,"AKNILNKPEVNQK"
"Eg5",2,"Trypsin",1485.8019,"284-297",0,"EAGNINQSLLTLGR"
"Eg5",2,"Trypsin",1470.791,"261-274",0,"LNLVDLAGSENIGR"
"Eg5",2,"Trypsin",1467.6824,"65-77",0,"TYTFDMVFGASTK"
"Eg5",2,"Trypsin",1463.774,"208-220",1,"DEVYQILEKGAAK"
"Eg5",2,"Trypsin",1419.7161,"182-192",2,"LQMFDDPRNKR"
"Eg5",2,"Trypsin",1398.8063,"13-24",2,"EEKGKNIQVVVR"
"Eg5",2,"Trypsin",1386.6682,"222-234",0,"TTAATLMNAYSSR"
"Eg5",2,"Trypsin",1383.6685,"35-47",0,"ASAHSIVECDPVR"
"Eg5",2,"Trypsin",1372.7042,"235-246",0,"SHSVFSVTIHMK"
"Eg5",2,"Trypsin",1359.759,"48-60",2,"KEVSVRTGGLADK"
"Eg5",2,"Trypsin",1328.7644,"316-327",1,"LTRILQDSLGGR"
"Eg5",2,"Trypsin",1296.727,"358-368",0,"NILNKPEVNQK"
"Eg5",2,"Trypsin",1276.6678,"1-12",2,"MASQPNSSAKKK"
"Eg5",2,"Trypsin",1263.615,"182-191",1,"LQMFDDPRNK"
"Eg5",2,"Trypsin",1233.6521,"25-34",1,"CRPFNLAERK"
"Eg5",2,"Trypsin",1233.6208,"247-257",0,"ETTIDGEELVK"
"Eg5",2,"Trypsin",1231.664,"49-60",1,"EVSVRTGGLADK"
"Eg5",2,"Trypsin",1215.6804,"319-329",1,"ILQDSLGGRTR"
"Eg5",2,"Trypsin",1213.6324,"306-315",1,"TPHVPYRESK"
"Eg5",2,"Trypsin",1210.595,"147-157",0,"LTDNGTEFSVK"
"Eg5",2,"Trypsin",1148.5728,"1-11",1,"MASQPNSSAKK"
"Eg5",2,"Trypsin",1139.6055,"198-207",0,"GLEEITVHNK"
"Eg5",2,"Trypsin",1136.5833,"208-216",0,"DEVYQILEK"
"Eg5",2,"Trypsin",1119.6116,"54-64",2,"TGGLADKSSRK"
"Eg5",2,"Trypsin",1105.5571,"25-33",0,"CRPFNLAER"
"Eg5",2,"Trypsin",1021.4771,"182-189",0,"LQMFDDPR"
"Eg5",2,"Trypsin",1020.4779,"1-10",0,"MASQPNSSAK"
"Eg5",2,"Trypsin",1015.5571,"139-146",0,"TLHQIFEK"
"Eg5",2,"Trypsin",1012.6262,"16-24",1,"GKNIQVVVR"
"Eg5",2,"Trypsin",991.5167,"54-63",1,"TGGLADKSSR"
"Eg5",2,"Trypsin",970.4298,"112-119",0,"TFTMEGER"
"Eg5",2,"Trypsin",959.5381,"275-283",2,"SGAVDKRAR"
"Eg5",2,"Trypsin",958.5316,"319-327",0,"ILQDSLGGR"
"Eg5",2,"Trypsin",927.6098,"190-197",2,"NKRGVIIK"
"Eg5",2,"Trypsin",900.5513,"298-305",0,"VITALVER"
"Eg5",2,"Trypsin",869.4628,"306-312",0,"TPHVPYR"
"Eg5",2,"Trypsin",827.5097,"18-24",0,"NIQVVVR"
"Eg5",2,"Trypsin",793.4203,"78-83",0,"QIDVYR"
"Eg5",2,"Trypsin",733.4203,"313-318",1,"ESKLTR"
"Eg5",2,"Trypsin",732.3998,"275-281",1,"SGAVDKR"
"Eg5",2,"Trypsin",718.4093,"12-17",2,"KEEKGK"
"Eg5",2,"Trypsin",717.4253,"48-53",1,"KEVSVR"
"Eg5",2,"Trypsin",685.4719,"192-197",1,"RGVIIK"
"Eg5",2,"Trypsin",661.3879,"11-15",2,"KKEEK"
"Eg5",2,"Trypsin",661.3515,"54-60",0,"TGGLADK"
"Eg5",2,"Trypsin",590.3144,"13-17",1,"EEKGK"
"Eg5",2,"Trypsin",589.3304,"49-53",0,"EVSVR"
"Eg5",2,"Trypsin",576.2987,"275-280",0,"SGAVDK"
"Eg5",2,"Trypsin",533.2929,"12-15",1,"KEEK"
"Eg5",2,"Trypsin",529.3708,"193-197",0,"GVIIK"
"Eg5",2,"Trypsin",502.3096,"217-221",1,"GAAKR"
"RhoA",2,"Trypsin/Chymotrypsin",3678.8029,"67-98",2,"DRLRPLSYPDTDVILMCFSI DSPDSLENIPEK"
"RhoA",2,"Trypsin/Chymotrypsin",3593.7542,"69-99",2,"LRPLSYPDTDVILMCFSIDS PDSLENIPEKW"
"RhoA",2,"Trypsin/Chymotrypsin",3407.6749,"69-98",1,"LRPLSYPDTDVILMCFSIDS PDSLENIPEK"
"RhoA",2,"Trypsin/Chymotrypsin",3033.3968,"59-84",2,"DTAGQEDYDRLRPLSYPDTD VILMCF"
"RhoA",2,"Trypsin/Chymotrypsin",2664.2675,"43-66",2,"VADIEVDGKQVELALWDTAG QEDY"
"RhoA",2,"Trypsin/Chymotrypsin",2284.1343,"85-104",2,"SIDSPDSLENIPEKWTPEVK"
"RhoA",2,"Trypsin/Chymotrypsin",2191.0917,"40-58",2,"ENYVADIEVDGKQVELALW"
"RhoA",2,"Trypsin/Chymotrypsin",2154.0722,"67-84",1,"DRLRPLSYPDTDVILMCF"
"RhoA",2,"Trypsin/Chymotrypsin",2144.0553,"136-154",2,"QEPVKPEEGRDMANRIGAF"
"RhoA",2,"Trypsin/Chymotrypsin",2105.1575,"100-118",2,"TPEVKHFCPNVPIILVGNK"
"RhoA",2,"Trypsin/Chymotrypsin",2036.1282,"8-27",2,"LVIVGDGACGKTCLLIVFSK"
"RhoA",2,"Trypsin/Chymotrypsin",2014.9797,"134-150",2,"MKQEPVKPEEGRDMANR"
"RhoA",2,"Trypsin/Chymotrypsin",2008.9246,"52-68",2,"QVELALWDTAGQEDYDR"
"RhoA",2,"Trypsin/Chymotrypsin",1949.0962,"7-25",2,"KLVIVGDGACGKTCLLIVF"
"RhoA",2,"Trypsin/Chymotrypsin",1901.9717,"19-34",2,"TCLLIVFSKDQFPEVY"
"RhoA",2,"Trypsin/Chymotrypsin",1894.9432,"35-51",2,"VPTVFENYVADIEVDGK"
"RhoA",2,"Trypsin/Chymotrypsin",1882.9441,"69-84",0,"LRPLSYPDTDVILMCF"
"RhoA",2,"Trypsin/Chymotrypsin",1868.9898,"130-145",2,"ELAKMKQEPVKPEEGR"
"RhoA",2,"Trypsin/Chymotrypsin",1846.8534,"28-42",2,"DQFPEVYVPTVFENY"
"RhoA",2,"Trypsin/Chymotrypsin",1821.0012,"8-25",1,"LVIVGDGACGKTCLLIVF"
"RhoA",2,"Trypsin/Chymotrypsin",1784.9428,"43-58",1,"VADIEVDGKQVELALW"
"RhoA",2,"Trypsin/Chymotrypsin",1779.0309,"107-122",2,"CPNVPIILVGNKKDLR"
"RhoA",2,"Trypsin/Chymotrypsin",1755.8442,"136-150",1,"QEPVKPEEGRDMANR"
"RhoA",2,"Trypsin/Chymotrypsin",1737.7966,"52-66",1,"QVELALWDTAGQEDY"
"RhoA",2,"Trypsin/Chymotrypsin",1729.8279,"85-99",1,"SIDSPDSLENIPEKW"
"RhoA",2,"Trypsin/Chymotrypsin",1678.9461,"105-119",2,"HFCPNVPIILVGNKK"
"RhoA",2,"Trypsin/Chymotrypsin",1655.8315,"26-39",2,"SKDQFPEVYVPTVF"
"RhoA",2,"Trypsin/Chymotrypsin",1592.8213,"169-182",2,"EVFEMATRAALQAR"
"RhoA",2,"Trypsin/Chymotrypsin",1550.8511,"105-118",1,"HFCPNVPIILVGNK"
"RhoA",2,"Trypsin/Chymotrypsin",1543.7486,"85-98",0,"SIDSPDSLENIPEK"
"RhoA",2,"Trypsin/Chymotrypsin",1440.7045,"28-39",1,"DQFPEVYVPTVF"
"RhoA",2,"Trypsin/Chymotrypsin",1427.7311,"134-145",1,"MKQEPVKPEEGR"
"RhoA",2,"Trypsin/Chymotrypsin",1409.6841,"165-176",2,"DGVREVFEMATR"
"RhoA",2,"Trypsin/Chymotrypsin",1394.8188,"107-119",1,"CPNVPIILVGNKK"
"RhoA",2,"Trypsin/Chymotrypsin",1373.743,"172-183",2,"EMATRAALQARR"
"RhoA",2,"Trypsin/Chymotrypsin",1368.6978,"123-133",2,"NDEHTRRELAK"
"RhoA",2,"Trypsin/Chymotrypsin",1351.6376,"40-51",1,"ENYVADIEVDGK"
"RhoA",2,"Trypsin/Chymotrypsin",1324.6348,"157-168",2,"MECSAKTKDGVR"
"RhoA",2,"Trypsin/Chymotrypsin",1311.6512,"120-129",2,"DLRNDEHTRR"
"RhoA",2,"Trypsin/Chymotrypsin",1287.7453,"6-18",2,"KKLVIVGDGACGK"
"RhoA",2,"Trypsin/Chymotrypsin",1283.6451,"119-128",2,"KDLRNDEHTR"
"RhoA",2,"Trypsin/Chymotrypsin",1276.57,"151-162",2,"IGAFGYMECSAK"
"RhoA",2,"Trypsin/Chymotrypsin",1266.7238,"107-118",0,"CPNVPIILVGNK"
"RhoA",2,"Trypsin/Chymotrypsin",1217.6419,"172-182",1,"EMATRAALQAR"
"RhoA",2,"Trypsin/Chymotrypsin",1214.5622,"146-156",2,"DMANRIGAFGY"
"RhoA",2,"Trypsin/Chymotrypsin",1169.4705,"59-68",1,"DTAGQEDYDR"
"RhoA",2,"Trypsin/Chymotrypsin",1168.5956,"136-145",0,"QEPVKPEEGR"
"RhoA",2,"Trypsin/Chymotrypsin",1159.6503,"7-18",1,"KLVIVGDGACGK"
"RhoA",2,"Trypsin/Chymotrypsin",1155.5501,"120-128",1,"DLRNDEHTR"
"RhoA",2,"Trypsin/Chymotrypsin",1117.5016,"155-164",2,"GYMECSAKTK"
"RhoA",2,"Trypsin/Chymotrypsin",1112.5258,"26-34",1,"SKDQFPEVY"
"RhoA",2,"Trypsin/Chymotrypsin",1050.5578,"163-171",2,"TKDGVREVF"
"RhoA",2,"Trypsin/Chymotrypsin",1043.5309,"99-106",2,"WTPEVKHF"
"RhoA",2,"Trypsin/Chymotrypsin",1031.5553,"8-18",0,"LVIVGDGACGK"
"RhoA",2,"Trypsin/Chymotrypsin",1023.5907,"19-27",1,"TCLLIVFSK"
"RhoA",2,"Trypsin/Chymotrypsin",994.4774,"146-154",1,"DMANRIGAF"
"RhoA",2,"Trypsin/Chymotrypsin",982.4662,"169-176",1,"EVFEMATR"
"RhoA",2,"Trypsin/Chymotrypsin",970.5904,"177-185",2,"AALQARRGK"
"RhoA",2,"Trypsin/Chymotrypsin",968.4723,"35-42",1,"VPTVFENY"
"RhoA",2,"Trypsin/Chymotrypsin",945.4887,"43-51",0,"VADIEVDGK"
"RhoA",2,"Trypsin/Chymotrypsin",927.4391,"123-129",1,"NDEHTRR"
"RhoA",2,"Trypsin/Chymotrypsin",898.3425,"59-66",0,"DTAGQEDY"
"RhoA",2,"Trypsin/Chymotrypsin",897.4168,"157-164",1,"MECSAKTK"
"RhoA",2,"Trypsin/Chymotrypsin",897.3988,"28-34",0,"DQFPEVY"
"RhoA",2,"Trypsin/Chymotrypsin",888.359,"155-162",1,"GYMECSAK"
"RhoA",2,"Trypsin/Chymotrypsin",875.5131,"129-135",2,"RELAKMK"
"RhoA",2,"Trypsin/Chymotrypsin",858.4719,"52-58",0,"QVELALW"
"RhoA",2,"Trypsin/Chymotrypsin",857.4515,"100-106",1,"TPEVKHF"
"RhoA",2,"Trypsin/Chymotrypsin",821.4152,"165-171",1,"DGVREVF"
"RhoA",2,"Trypsin/Chymotrypsin",817.5076,"1-7",2,"MAAIRKK"
"RhoA",2,"Trypsin/Chymotrypsin",808.4637,"19-25",0,"TCLLIVF"
"RhoA",2,"Trypsin/Chymotrypsin",785.474,"177-183",1,"AALQARR"
"RhoA",2,"Trypsin/Chymotrypsin",771.338,"123-128",0,"NDEHTR"
"RhoA",2,"Trypsin/Chymotrypsin",759.4035,"99-104",1,"WTPEVK"
"RhoA",2,"Trypsin/Chymotrypsin",719.412,"130-135",1,"ELAKMK"
"RhoA",2,"Trypsin/Chymotrypsin",689.4127,"1-6",1,"MAAIRK"
"RhoA",2,"Trypsin/Chymotrypsin",675.3784,"163-168",1,"TKDGVR"
"RhoA",2,"Trypsin/Chymotrypsin",668.2742,"157-162",0,"MECSAK"
"RhoA",2,"Trypsin/Chymotrypsin",629.3729,"177-182",0,"AALQAR"
"RhoA",2,"Trypsin/Chymotrypsin",627.3137,"151-156",1,"IGAFGY"
"RhoA",2,"Trypsin/Chymotrypsin",616.3777,"129-133",1,"RELAK"
"RhoA",2,"Trypsin/Chymotrypsin",607.2868,"172-176",0,"EMATR"
"RhoA",2,"Trypsin/Chymotrypsin",606.2664,"146-150",0,"DMANR"
"RhoA",2,"Trypsin/Chymotrypsin",573.3242,"100-104",0,"TPEVK"
"RhoA",2,"Trypsin/Chymotrypsin",562.3235,"35-39",0,"VPTVF"
"RhoA",2,"Trypsin/Chymotrypsin",561.3177,"1-5",0,"MAAIR"
"RhoA",2,"Trypsin/Chymotrypsin",531.3249,"119-122",1,"KDLR"
"RhoA",2,"Trypsin/Chymotrypsin",522.2704,"186-190",2,"KKSGC"
"RhoA",2,"Chymotrypsin",8062.1275,"85-154",2,"SIDSPDSLENIPEKWTPEVK HFCPNVPIILVGNKKDLRND EHTRRELAKMKQEPVKPEEG RDMANRIGAF"
"RhoA",2,"Chymotrypsin",7413.7649,"107-171",2,"CPNVPIILVGNKKDLRNDEH TRRELAKMKQEPVKPEEGRD MANRIGAFGYMECSAKTKDG VREVF"
"RhoA",2,"Chymotrypsin",6571.4023,"100-156",2,"TPEVKHFCPNVPIILVGNKK DLRNDEHTRRELAKMKQEPV KPEEGRDMANRIGAFGY"
"RhoA",2,"Chymotrypsin",6351.3175,"100-154",1,"TPEVKHFCPNVPIILVGNKK DLRNDEHTRRELAKMKQEPV KPEEGRDMANRIGAF"
"RhoA",2,"Chymotrypsin",5732.9685,"107-156",1,"CPNVPIILVGNKKDLRNDEH TRRELAKMKQEPVKPEEGRD MANRIGAFGY"
"RhoA",2,"Chymotrypsin",5512.8838,"107-154",0,"CPNVPIILVGNKKDLRNDEH TRRELAKMKQEPVKPEEGRD MANRIGAF"
"RhoA",2,"Chymotrypsin",4799.3218,"43-84",2,"VADIEVDGKQVELALWDTAG QEDYDRLRPLSYPDTDVILM CF"
"RhoA",2,"Chymotrypsin",4744.2068,"59-99",2,"DTAGQEDYDRLRPLSYPDTD VILMCFSIDSPDSLENIPEK W"
"RhoA",2,"Chymotrypsin",4703.3159,"67-106",2,"DRLRPLSYPDTDVILMCFSI DSPDSLENIPEKWTPEVKHF"
"RhoA",2,"Chymotrypsin",4256.3047,"1-39",2,"MAAIRKKLVIVGDGACGKTC LLIVFSKDQFPEVYVPTVF"
"RhoA",2,"Chymotrypsin",3962.9931,"155-190",2,"GYMECSAKTKDGVREVFEMA TRAALQARRGKKKSGC"
"RhoA",2,"Chymotrypsin",3864.8822,"67-99",1,"DRLRPLSYPDTDVILMCFSI DSPDSLENIPEKW"
"RhoA",2,"Chymotrypsin",3742.9084,"157-190",1,"MECSAKTKDGVREVFEMATR AALQARRGKKKSGC"
"RhoA",2,"Chymotrypsin",3712.999,"1-34",1,"MAAIRKKLVIVGDGACGKTC LLIVFSKDQFPEVY"
"RhoA",2,"Chymotrypsin",3070.4163,"40-66",2,"ENYVADIEVDGKQVELALWD TAGQEDY"
"RhoA",2,"Chymotrypsin",3033.3968,"59-84",1,"DTAGQEDYDRLRPLSYPDTD VILMCF"
"RhoA",2,"Chymotrypsin",2734.3973,"35-58",2,"VPTVFENYVADIEVDGKQVE LALW"
"RhoA",2,"Chymotrypsin",2664.2675,"43-66",1,"VADIEVDGKQVELALWDTAG QEDY"
"RhoA",2,"Chymotrypsin",2619.491,"1-25",0,"MAAIRKKLVIVGDGACGKTC LLIVF"
"RhoA",2,"Chymotrypsin",2568.2616,"85-106",1,"SIDSPDSLENIPEKWTPEVK HF"
"RhoA",2,"Chymotrypsin",2191.0917,"40-58",1,"ENYVADIEVDGKQVELALW"
"RhoA",2,"Chymotrypsin",2154.0722,"67-84",0,"DRLRPLSYPDTDVILMCF"
"RhoA",2,"Chymotrypsin",2062.112,"172-190",0,"EMATRAALQARRGKKKSGC"
"RhoA",2,"Chymotrypsin",2061.9804,"26-42",2,"SKDQFPEVYVPTVFENY"
"RhoA",2,"Chymotrypsin",1919.899,"155-171",1,"GYMECSAKTKDGVREVF"
"RhoA",2,"Chymotrypsin",1784.9428,"43-58",0,"VADIEVDGKQVELALW"
"RhoA",2,"Chymotrypsin",1729.8279,"85-99",0,"SIDSPDSLENIPEKW"
"RhoA",2,"Chymotrypsin",1699.8142,"157-171",0,"MECSAKTKDGVREVF"
"RhoA",2,"Chymotrypsin",1655.8315,"26-39",1,"SKDQFPEVYVPTVF"
"RhoA",2,"Chymotrypsin",1112.5258,"26-34",0,"SKDQFPEVY"
"RhoA",2,"Chymotrypsin",968.4723,"35-42",1,"VPTVFENY"
"RhoA",2,"Chymotrypsin",898.3425,"59-66",0,"DTAGQEDY"
"RhoA",2,"Chymotrypsin",857.4515,"100-106",0,"TPEVKHF"
"RhoA",2,"Chymotrypsin",562.3235,"35-39",0,"VPTVF"
"RhoA",2,"Asp N / Glu C",3450.8673,"1-32",2,"MAAIRKKLVIVGDGACGKTC LLIVFSKDQFPE"
"RhoA",2,"Asp N / Glu C",3105.5311,"13-40",2,"DGACGKTCLLIVFSKDQFPE VYVPTVFE"
"RhoA",2,"Asp N / Glu C",3045.6818,"98-123",2,"KWTPEVKHFCPNVPIILVGN KKDLRN"
"RhoA",2,"Asp N / Glu C",3000.6491,"94-119",2,"NIPEKWTPEVKHFCPNVPII LVGNKK"
"RhoA",2,"Asp N / Glu C",2864.5093,"165-190",2,"DGVREVFEMATRAALQARRG KKKSGC"
"RhoA",2,"Asp N / Glu C",2834.618,"1-27",1,"MAAIRKKLVIVGDGACGKTC LLIVFSK"
"RhoA",2,"Asp N / Glu C",2649.2218,"146-169",2,"DMANRIGAFGYMECSAKTKD GVRE"
"RhoA",2,"Asp N / Glu C",2648.434,"103-125",2,"VKHFCPNVPIILVGNKKDLR NDE"
"RhoA",2,"Asp N / Glu C",2547.4268,"98-119",1,"KWTPEVKHFCPNVPIILVGN KK"
"RhoA",2,"Asp N / Glu C",2404.3645,"103-123",1,"VKHFCPNVPIILVGNKKDLR N"
"RhoA",2,"Asp N / Glu C",2354.1883,"67-86",2,"DRLRPLSYPDTDVILMCFSI"
"RhoA",2,"Asp N / Glu C",2308.2488,"170-190",1,"VFEMATRAALQARRGKKKSG C"
"RhoA",2,"Asp N / Glu C",2306.0838,"144-164",2,"GRDMANRIGAFGYMECSAKT K"
"RhoA",2,"Asp N / Glu C",2171.0511,"13-32",1,"DGACGKTCLLIVFSKDQFPE"
"RhoA",2,"Asp N / Glu C",2092.9612,"146-164",1,"DMANRIGAFGYMECSAKTK"
"RhoA",2,"Asp N / Glu C",2077.1335,"126-142",2,"HTRRELAKMKQEPVKPE"
"RhoA",2,"Asp N / Glu C",2016.9589,"28-44",2,"DQFPEVYVPTVFENYVA"
"RhoA",2,"Asp N / Glu C",1995.9406,"59-75",2,"DTAGQEDYDRLRPLSYP"
"RhoA",2,"Asp N / Glu C",1933.0694,"173-190",0,"MATRAALQARRGKKKSGC"
"RhoA",2,"Asp N / Glu C",1906.1095,"103-119",0,"VKHFCPNVPIILVGNKK"
"RhoA",2,"Asp N / Glu C",1816.8105,"143-158",2,"EGRDMANRIGAFGYME"
"RhoA",2,"Asp N / Glu C",1783.8128,"78-93",2,"DVILMCFSIDSPDSLE"
"RhoA",2,"Asp N / Glu C",1770.8915,"124-137",2,"DEHTRRELAKMKQE"
"RhoA",2,"Asp N / Glu C",1759.8497,"49-64",2,"DGKQVELALWDTAGQE"
"RhoA",2,"Asp N / Glu C",1757.8632,"33-47",2,"VYVPTVFENYVADIE"
"RhoA",2,"Asp N / Glu C",1687.7679,"144-158",1,"GRDMANRIGAFGYME"
"RhoA",2,"Asp N / Glu C",1610.7809,"65-77",2,"DYDRLRPLSYPDT"
"RhoA",2,"Asp N / Glu C",1569.7471,"28-40",1,"DQFPEVYVPTVFE"
"RhoA",2,"Asp N / Glu C",1568.7737,"159-172",2,"CSAKTKDGVREVFE"
"RhoA",2,"Asp N / Glu C",1557.7431,"90-102",2,"DSLENIPEKWTPE"
"RhoA",2,"Asp N / Glu C",1555.7018,"76-89",2,"DTDVILMCFSIDSP"
"RhoA",2,"Asp N / Glu C",1554.8018,"13-27",0,"DGACGKTCLLIVFSK"
"RhoA",2,"Asp N / Glu C",1526.8246,"131-143",2,"LAKMKQEPVKPEE"
"RhoA",2,"Asp N / Glu C",1526.822,"126-137",1,"HTRRELAKMKQE"
"RhoA",2,"Asp N / Glu C",1474.6453,"146-158",0,"DMANRIGAFGYME"
"RhoA",2,"Asp N / Glu C",1440.6938,"120-130",2,"DLRNDEHTRRE"
"RhoA",2,"Asp N / Glu C",1400.7096,"33-44",1,"VYVPTVFENYVA"
"RhoA",2,"Asp N / Glu C",1397.7821,"131-142",1,"LAKMKQEPVKPE"
"RhoA",2,"Asp N / Glu C",1394.7063,"65-75",1,"DYDRLRPLSYP"
"RhoA",2,"Asp N / Glu C",1381.627,"55-66",2,"LALWDTAGQEDY"
"RhoA",2,"Asp N / Glu C",1339.6272,"78-89",1,"DVILMCFSIDSP"
"RhoA",2,"Asp N / Glu C",1332.6906,"67-77",1,"DRLRPLSYPDT"
"RhoA",2,"Asp N / Glu C",1298.834,"1-12",0,"MAAIRKKLVIVG"
"RhoA",2,"Asp N / Glu C",1257.6837,"48-58",2,"VDGKQVELALW"
"RhoA",2,"Asp N / Glu C",1256.5901,"76-86",1,"DTDVILMCFSI"
"RhoA",2,"Asp N / Glu C",1215.5375,"87-97",2,"DSPDSLENIPE"
"RhoA",2,"Asp N / Glu C",1193.5943,"159-169",1,"CSAKTKDGVRE"
"RhoA",2,"Asp N / Glu C",1158.6153,"49-58",1,"DGKQVELALW"
"RhoA",2,"Asp N / Glu C",1131.5528,"45-54",2,"DIEVDGKQVE"
"RhoA",2,"Asp N / Glu C",1116.616,"67-75",0,"DRLRPLSYP"
"RhoA",2,"Asp N / Glu C",1113.5575,"94-102",1,"NIPEKWTPE"
"RhoA",2,"Asp N / Glu C",1103.5367,"55-64",1,"LALWDTAGQE"
"RhoA",2,"Asp N / Glu C",1040.5155,"78-86",0,"DVILMCFSI"
"RhoA",2,"Asp N / Glu C",953.4978,"33-40",0,"VYVPTVFE"
"RhoA",2,"Asp N / Glu C",950.4577,"165-172",1,"DGVREVFE"
"RhoA",2,"Asp N / Glu C",942.4388,"124-130",1,"DEHTRRE"
"RhoA",2,"Asp N / Glu C",922.4516,"41-48",2,"NYVADIEV"
"RhoA",2,"Asp N / Glu C",916.4258,"90-97",1,"DSLENIPE"
"RhoA",2,"Asp N / Glu C",911.4945,"138-145",2,"PVKPEEGR"
"RhoA",2,"Asp N / Glu C",898.3425,"59-66",1,"DTAGQEDY"
"RhoA",2,"Asp N / Glu C",847.4706,"131-137",0,"LAKMKQE"
"RhoA",2,"Asp N / Glu C",823.3832,"41-47",1,"NYVADIE"
"RhoA",2,"Asp N / Glu C",774.3992,"48-54",1,"VDGKQVE"
"RhoA",2,"Asp N / Glu C",762.3152,"87-93",1,"DSPDSLE"
"RhoA",2,"Asp N / Glu C",761.3424,"120-125",1,"DLRNDE"
"RhoA",2,"Asp N / Glu C",698.3719,"138-143",1,"PVKPEE"
"RhoA",2,"Asp N / Glu C",698.3692,"126-130",0,"HTRRE"
"RhoA",2,"Asp N / Glu C",675.3308,"49-54",0,"DGKQVE"
"RhoA",2,"Asp N / Glu C",660.3351,"98-102",0,"KWTPE"
"RhoA",2,"Asp N / Glu C",637.3338,"159-164",0,"CSAKTK"
"RhoA",2,"Asp N / Glu C",635.2671,"28-32",0,"DQFPE"
"RhoA",2,"Asp N / Glu C",620.2522,"59-64",0,"DTAGQE"
"RhoA",2,"Asp N / Glu C",575.2783,"165-169",0,"DGVRE"
"RhoA",2,"Asp N / Glu C",569.3293,"138-142",0,"PVKPE"
"RhoA",2,"Asp N / Glu C",517.2729,"120-123",0,"DLRN"
"RhoA",2,"Asp N / Glu C",502.3024,"55-58",0,"LALW"
"Eg5",2,"Chymotrypsin",15297.2032,"212-352",2,"QILEKGAAKRTTAATLMNAY SSRSHSVFSVTIHMKETTID GEELVKIGKLNLVDLAGSEN IGRSGAVDKRAREAGNINQS LLTLGRVITALVERTPHVPY RESKLTRILQDSLGGRTRTS IIATISPASLNLEETLSTLE Y"
"Eg5",2,"Chymotrypsin",15220.2321,"232-370",2,"SSRSHSVFSVTIHMKETTID GEELVKIGKLNLVDLAGSEN IGRSGAVDKRAREAGNINQS LLTLGRVITALVERTPHVPY RESKLTRILQDSLGGRTRTS IIATISPASLNLEETLSTLE YAHRAKNILNKPEVNQKLT"
"Eg5",2,"Chymotrypsin",14332.8072,"240-370",1,"SVTIHMKETTIDGEELVKIG KLNLVDLAGSENIGRSGAVD KRAREAGNINQSLLTLGRVI TALVERTPHVPYRESKLTRI LQDSLGGRTRTSIIATISPA SLNLEETLSTLEYAHRAKNI LNKPEVNQKLT"
"Eg5",2,"Chymotrypsin",13165.062,"232-352",1,"SSRSHSVFSVTIHMKETTID GEELVKIGKLNLVDLAGSEN IGRSGAVDKRAREAGNINQS LLTLGRVITALVERTPHVPY RESKLTRILQDSLGGRTRTS IIATISPASLNLEETLSTLE Y"
"Eg5",2,"Chymotrypsin",12277.6371,"240-352",0,"SVTIHMKETTIDGEELVKIG KLNLVDLAGSENIGRSGAVD KRAREAGNINQSLLTLGRVI TALVERTPHVPYRESKLTRI LQDSLGGRTRTSIIATISPA SLNLEETLSTLEY"
"Eg5",2,"Chymotrypsin",7546.9695,"1-68",2,"MASQPNSSAKKKEEKGKNIQ VVVRCRPFNLAERKASAHSI VECDPVRKEVSVRTGGLADK SSRKTYTF"
"Eg5",2,"Chymotrypsin",7298.8535,"1-66",1,"MASQPNSSAKKKEEKGKNIQ VVVRCRPFNLAERKASAHSI VECDPVRKEVSVRTGGLADK SSRKTY"
"Eg5",2,"Chymotrypsin",7001.6251,"170-231",2,"DLLNPSSDVSERLQMFDDPR NKRGVIIKGLEEITVHNKDE VYQILEKGAAKRTTAATLMN AY"
"Eg5",2,"Chymotrypsin",6057.1726,"186-239",2,"DDPRNKRGVIIKGLEEITVH NKDEVYQILEKGAAKRTTAA TLMNAYSSRSHSVF"
"Eg5",2,"Chymotrypsin",5501.7645,"165-211",2,"NEELFDLLNPSSDVSERLQM FDDPRNKRGVIIKGLEEITV HNKDEVY"
"Eg5",2,"Chymotrypsin",5169.7476,"186-231",1,"DDPRNKRGVIIKGLEEITVH NKDEVYQILEKGAAKRTTAA TLMNAY"
"Eg5",2,"Chymotrypsin",4898.5039,"29-72",2,"NLAERKASAHSIVECDPVRK EVSVRTGGLADKSSRKTYTF DMVF"
"Eg5",2,"Chymotrypsin",4869.4839,"170-211",1,"DLLNPSSDVSERLQMFDDPR NKRGVIIKGLEEITVHNKDE VY"
"Eg5",2,"Chymotrypsin",4406.2997,"29-68",1,"NLAERKASAHSIVECDPVRK EVSVRTGGLADKSSRKTYTF"
"Eg5",2,"Chymotrypsin",4215.2223,"128-164",2,"EEDPLAGIIPRTLHQIFEKL TDNGTEFSVKVSLLEIY"
"Eg5",2,"Chymotrypsin",4158.1836,"29-66",0,"NLAERKASAHSIVECDPVRK EVSVRTGGLADKSSRKTY"
"Eg5",2,"Chymotrypsin",3658.7482,"114-144",2,"TMEGERSPNEEYTWEEDPLA GIIPRTLHQIF"
"Eg5",2,"Chymotrypsin",3614.8298,"155-185",2,"SVKVSLLEIYNEELFDLLNP SSDVSERLQMF"
"Eg5",2,"Chymotrypsin",3370.6953,"126-154",2,"TWEEDPLAGIIPRTLHQIFE KLTDNGTEF"
"Eg5",2,"Chymotrypsin",3334.652,"73-102",2,"GASTKQIDVYRSVVCPILDE VIMGYNCTIF"
"Eg5",2,"Chymotrypsin",3248.6039,"69-97",2,"DMVFGASTKQIDVYRSVVCP ILDEVIMGY"
"Eg5",2,"Chymotrypsin",3159.6877,"1-28",0,"MASQPNSSAKKKEEKGKNIQ VVVRCRPF"
"Eg5",2,"Chymotrypsin",3083.5683,"128-154",1,"EEDPLAGIIPRTLHQIFEKL TDNGTEF"
"Eg5",2,"Chymotrypsin",3038.584,"212-239",1,"QILEKGAAKRTTAATLMNAY SSRSHSVF"
"Eg5",2,"Chymotrypsin",3037.6064,"186-211",0,"DDPRNKRGVIIKGLEEITVH NKDEVY"
"Eg5",2,"Chymotrypsin",2917.4716,"145-169",2,"EKLTDNGTEFSVKVSLLEIY NEELF"
"Eg5",2,"Chymotrypsin",2756.3997,"73-97",1,"GASTKQIDVYRSVVCPILDE VIMGY"
"Eg5",2,"Chymotrypsin",2606.1463,"105-127",2,"GQTGTGKTFTMEGERSPNEE YTW"
"Eg5",2,"Chymotrypsin",2553.1198,"103-125",2,"AYGQTGTGKTFTMEGERSPN EEY"
"Eg5",2,"Chymotrypsin",2506.2178,"83-104",2,"RSVVCPILDEVIMGYNCTIF AY"
"Eg5",2,"Chymotrypsin",2483.1758,"165-185",1,"NEELFDLLNPSSDVSERLQM F"
"Eg5",2,"Chymotrypsin",2319.0193,"105-125",1,"GQTGTGKTFTMEGERSPNEE Y"
"Eg5",2,"Chymotrypsin",2285.1911,"145-164",1,"EKLTDNGTEFSVKVSLLEIY"
"Eg5",2,"Chymotrypsin",2272.1174,"83-102",1,"RSVVCPILDEVIMGYNCTIF"
"Eg5",2,"Chymotrypsin",2236.176,"126-144",1,"TWEEDPLAGIIPRTLHQIF"
"Eg5",2,"Chymotrypsin",2151.159,"212-231",0,"QILEKGAAKRTTAATLMNAY"
"Eg5",2,"Chymotrypsin",2074.1879,"353-370",0,"AHRAKNILNKPEVNQKLT"
"Eg5",2,"Chymotrypsin",1949.049,"128-144",0,"EEDPLAGIIPRTLHQIF"
"Eg5",2,"Chymotrypsin",1850.8953,"170-185",0,"DLLNPSSDVSERLQMF"
"Eg5",2,"Chymotrypsin",1821.8727,"67-82",2,"TFDMVFGASTKQIDVY"
"Eg5",2,"Chymotrypsin",1782.9523,"155-169",1,"SVKVSLLEIYNEELF"
"Eg5",2,"Chymotrypsin",1728.717,"114-127",1,"TMEGERSPNEEYTW"
"Eg5",2,"Chymotrypsin",1708.7999,"98-113",2,"NCTIFAYGQTGTGKTF"
"Eg5",2,"Chymotrypsin",1693.8651,"83-97",0,"RSVVCPILDEVIMGY"
"Eg5",2,"Chymotrypsin",1573.7566,"69-82",1,"DMVFGASTKQIDVY"
"Eg5",2,"Chymotrypsin",1441.59,"114-125",0,"TMEGERSPNEEY"
"Eg5",2,"Chymotrypsin",1153.5371,"145-154",0,"EKLTDNGTEF"
"Eg5",2,"Chymotrypsin",1150.6718,"155-164",0,"SVKVSLLEIY"
"Eg5",2,"Chymotrypsin",1130.5476,"103-113",1,"AYGQTGTGKTF"
"Eg5",2,"Chymotrypsin",1081.5524,"73-82",0,"GASTKQIDVY"
"Eg5",2,"Chymotrypsin",906.4428,"232-239",0,"SSRSHSVF"
"Eg5",2,"Chymotrypsin",896.4472,"105-113",0,"GQTGTGKTF"
"Eg5",2,"Chymotrypsin",831.3705,"98-104",1,"NCTIFAY"
"Eg5",2,"Chymotrypsin",759.3382,"67-72",1,"TFDMVF"
"Eg5",2,"Chymotrypsin",651.2984,"165-169",0,"NEELF"
"Eg5",2,"Chymotrypsin",597.2701,"98-102",0,"NCTIF"
"Eg5",2,"Chymotrypsin",511.2221,"69-72",0,"DMVF"
"Eg5",2,"Trypsin/Chymotrypsin",3662.9486,"319-352",2,"ILQDSLGGRTRTSIIATISP ASLNLEETLSTLEY"
"Eg5",2,"Trypsin/Chymotrypsin",3217.7803,"284-312",2,"EAGNINQSLLTLGRVITALV ERTPHVPYR"
"Eg5",2,"Trypsin/Chymotrypsin",3087.632,"328-355",2,"TRTSIIATISPASLNLEETL STLEYAHR"
"Eg5",2,"Trypsin/Chymotrypsin",3029.6153,"330-357",2,"TSIIATISPASLNLEETLST LEYAHRAK"
"Eg5",2,"Trypsin/Chymotrypsin",2983.5945,"247-274",2,"ETTIDGEELVKIGKLNLVDL AGSENIGR"
"Eg5",2,"Trypsin/Chymotrypsin",2830.4832,"330-355",1,"TSIIATISPASLNLEETLST LEYAHR"
"Eg5",2,"Trypsin/Chymotrypsin",2781.3828,"158-181",2,"VSLLEIYNEELFDLLNPSSD VSER"
"Eg5",2,"Trypsin/Chymotrypsin",2723.4349,"328-352",1,"TRTSIIATISPASLNLEETL STLEY"
"Eg5",2,"Trypsin/Chymotrypsin",2594.4736,"282-305",2,"AREAGNINQSLLTLGRVITA LVER"
"Eg5",2,"Trypsin/Chymotrypsin",2587.3072,"235-257",2,"SHSVFSVTIHMKETTIDGEE LVK"
"Eg5",2,"Trypsin/Chymotrypsin",2483.1758,"165-185",2,"NEELFDLLNPSSDVSERLQM F"
"Eg5",2,"Trypsin/Chymotrypsin",2466.2861,"330-352",0,"TSIIATISPASLNLEETLST LEY"
"Eg5",2,"Trypsin/Chymotrypsin",2367.3354,"284-305",1,"EAGNINQSLLTLGRVITALV ER"
"Eg5",2,"Trypsin/Chymotrypsin",2350.1167,"84-104",2,"SVVCPILDEVIMGYNCTIFA Y"
"Eg5",2,"Trypsin/Chymotrypsin",2334.103,"170-189",2,"DLLNPSSDVSERLQMFDDPR"
"Eg5",2,"Trypsin/Chymotrypsin",2328.2479,"240-260",2,"SVTIHMKETTIDGEELVKIG K"
"Eg5",2,"Trypsin/Chymotrypsin",2326.2724,"258-280",2,"IGKLNLVDLAGSENIGRSGA VDK"
"Eg5",2,"Trypsin/Chymotrypsin",2312.1665,"78-97",2,"QIDVYRSVVCPILDEVIMGY"
"Eg5",2,"Trypsin/Chymotrypsin",2272.1174,"83-102",2,"RSVVCPILDEVIMGYNCTIF"
"Eg5",2,"Trypsin/Chymotrypsin",2257.171,"198-216",2,"GLEEITVHNKDEVYQILEK"
"Eg5",2,"Trypsin/Chymotrypsin",2236.176,"126-144",2,"TWEEDPLAGIIPRTLHQIF"
"Eg5",2,"Trypsin/Chymotrypsin",2216.0505,"120-138",2,"SPNEEYTWEEDPLAGIIPR"
"Eg5",2,"Trypsin/Chymotrypsin",2206.1866,"128-146",2,"EEDPLAGIIPRTLHQIFEK"
"Eg5",2,"Trypsin/Chymotrypsin",2184.1731,"261-281",2,"LNLVDLAGSENIGRSGAVDK R"
"Eg5",2,"Trypsin/Chymotrypsin",2156.1597,"193-211",2,"GVIIKGLEEITVHNKDEVY"
"Eg5",2,"Trypsin/Chymotrypsin",2116.0163,"84-102",1,"SVVCPILDEVIMGYNCTIF"
"Eg5",2,"Trypsin/Chymotrypsin",2095.1658,"298-315",2,"VITALVERTPHVPYRESK"
"Eg5",2,"Trypsin/Chymotrypsin",2095.0712,"29-47",2,"NLAERKASAHSIVECDPVR"
"Eg5",2,"Trypsin/Chymotrypsin",2082.076,"35-53",2,"ASAHSIVECDPVRKEVSVR"
"Eg5",2,"Trypsin/Chymotrypsin",2030.0474,"240-257",1,"SVTIHMKETTIDGEELVK"
"Eg5",2,"Trypsin/Chymotrypsin",2028.0719,"261-280",1,"LNLVDLAGSENIGRSGAVDK"
"Eg5",2,"Trypsin/Chymotrypsin",2028.0535,"147-164",2,"LTDNGTEFSVKVSLLEIY"
"Eg5",2,"Trypsin/Chymotrypsin",1963.9243,"165-181",1,"NEELFDLLNPSSDVSER"
"Eg5",2,"Trypsin/Chymotrypsin",1949.049,"128-144",1,"EEDPLAGIIPRTLHQIF"
"Eg5",2,"Trypsin/Chymotrypsin",1943.928,"222-239",2,"TTAATLMNAYSSRSHSVF"
"Eg5",2,"Trypsin/Chymotrypsin",1914.049,"18-33",2,"NIQVVVRCRPFNLAER"
"Eg5",2,"Trypsin/Chymotrypsin",1892.9388,"139-154",2,"TLHQIFEKLTDNGTEF"
"Eg5",2,"Trypsin/Chymotrypsin",1869.0413,"281-297",2,"RAREAGNINQSLLTLGR"
"Eg5",2,"Trypsin/Chymotrypsin",1860.0562,"353-368",2,"AHRAKNILNKPEVNQK"
"Eg5",2,"Trypsin/Chymotrypsin",1850.8953,"170-185",1,"DLLNPSSDVSERLQMF"
"Eg5",2,"Trypsin/Chymotrypsin",1806.0595,"192-207",2,"RGVIIKGLEEITVHNK"
"Eg5",2,"Trypsin/Chymotrypsin",1782.9523,"155-169",2,"SVKVSLLEIYNEELF"
"Eg5",2,"Trypsin/Chymotrypsin",1768.9915,"258-274",1,"IGKLNLVDLAGSENIGR"
"Eg5",2,"Trypsin/Chymotrypsin",1750.9962,"298-312",1,"VITALVERTPHVPYR"
"Eg5",2,"Trypsin/Chymotrypsin",1728.717,"114-127",2,"TMEGERSPNEEYTW"
"Eg5",2,"Trypsin/Chymotrypsin",1712.9402,"282-297",1,"AREAGNINQSLLTLGR"
"Eg5",2,"Trypsin/Chymotrypsin",1709.9908,"356-370",2,"AKNILNKPEVNQKLT"
"Eg5",2,"Trypsin/Chymotrypsin",1702.8693,"232-246",2,"SSRSHSVFSVTIHMK"
"Eg5",2,"Trypsin/Chymotrypsin",1693.8651,"83-97",1,"RSVVCPILDEVIMGY"
"Eg5",2,"Trypsin/Chymotrypsin",1689.7061,"112-125",2,"TFTMEGERSPNEEY"
"Eg5",2,"Trypsin/Chymotrypsin",1672.934,"313-327",2,"ESKLTRILQDSLGGR"
"Eg5",2,"Trypsin/Chymotrypsin",1649.9584,"193-207",1,"GVIIKGLEEITVHNK"
"Eg5",2,"Trypsin/Chymotrypsin",1645.8067,"198-211",1,"GLEEITVHNKDEVY"
"Eg5",2,"Trypsin/Chymotrypsin",1639.8584,"34-48",2,"KASAHSIVECDPVRK"
"Eg5",2,"Trypsin/Chymotrypsin",1599.7431,"105-119",2,"GQTGTGKTFTMEGER"
"Eg5",2,"Trypsin/Chymotrypsin",1585.9132,"316-329",2,"LTRILQDSLGGRTR"
"Eg5",2,"Trypsin/Chymotrypsin",1583.8652,"306-318",2,"TPHVPYRESKLTR"
"Eg5",2,"Trypsin/Chymotrypsin",1573.7566,"69-82",2,"DMVFGASTKQIDVY"
"Eg5",2,"Trypsin/Chymotrypsin",1561.8292,"49-63",2,"EVSVRTGGLADKSSR"
"Eg5",2,"Trypsin/Chymotrypsin",1542.7693,"221-234",2,"RTTAATLMNAYSSR"
"Eg5",2,"Trypsin/Chymotrypsin",1539.7948,"217-231",2,"GAAKRTTAATLMNAY"
"Eg5",2,"Trypsin/Chymotrypsin",1537.764,"84-97",0,"SVVCPILDEVIMGY"
"Eg5",2,"Trypsin/Chymotrypsin",1531.8213,"247-260",1,"ETTIDGEELVKIGK"
"Eg5",2,"Trypsin/Chymotrypsin",1515.8576,"16-28",2,"GKNIQVVVRCRPF"
"Eg5",2,"Trypsin/Chymotrypsin",1511.7634,"34-47",1,"KASAHSIVECDPVR"
"Eg5",2,"Trypsin/Chymotrypsin",1511.7634,"35-48",1,"ASAHSIVECDPVRK"
"Eg5",2,"Trypsin/Chymotrypsin",1510.8587,"358-370",1,"NILNKPEVNQKLT"
"Eg5",2,"Trypsin/Chymotrypsin",1496.7743,"126-138",1,"TWEEDPLAGIIPR"
"Eg5",2,"Trypsin/Chymotrypsin",1495.8591,"356-368",1,"AKNILNKPEVNQK"
"Eg5",2,"Trypsin/Chymotrypsin",1485.8019,"284-297",0,"EAGNINQSLLTLGR"
"Eg5",2,"Trypsin/Chymotrypsin",1470.791,"261-274",0,"LNLVDLAGSENIGR"
"Eg5",2,"Trypsin/Chymotrypsin",1468.7569,"158-169",1,"VSLLEIYNEELF"
"Eg5",2,"Trypsin/Chymotrypsin",1467.7325,"145-157",2,"EKLTDNGTEFSVK"
"Eg5",2,"Trypsin/Chymotrypsin",1463.774,"208-220",2,"DEVYQILEKGAAK"
"Eg5",2,"Trypsin/Chymotrypsin",1460.6838,"98-111",2,"NCTIFAYGQTGTGK"
"Eg5",2,"Trypsin/Chymotrypsin",1441.59,"114-125",1,"TMEGERSPNEEY"
"Eg5",2,"Trypsin/Chymotrypsin",1398.8063,"13-24",2,"EEKGKNIQVVVR"
"Eg5",2,"Trypsin/Chymotrypsin",1386.6682,"222-234",1,"TTAATLMNAYSSR"
"Eg5",2,"Trypsin/Chymotrypsin",1383.6685,"35-47",0,"ASAHSIVECDPVR"
"Eg5",2,"Trypsin/Chymotrypsin",1372.7042,"235-246",1,"SHSVFSVTIHMK"
"Eg5",2,"Trypsin/Chymotrypsin",1359.759,"48-60",2,"KEVSVRTGGLADK"
"Eg5",2,"Trypsin/Chymotrypsin",1331.6437,"170-181",0,"DLLNPSSDVSER"
"Eg5",2,"Trypsin/Chymotrypsin",1330.7412,"18-28",1,"NIQVVVRCRPF"
"Eg5",2,"Trypsin/Chymotrypsin",1328.7644,"316-327",1,"LTRILQDSLGGR"
"Eg5",2,"Trypsin/Chymotrypsin",1296.727,"358-368",0,"NILNKPEVNQK"
"Eg5",2,"Trypsin/Chymotrypsin",1276.6678,"1-12",2,"MASQPNSSAKKK"
"Eg5",2,"Trypsin/Chymotrypsin",1263.615,"182-191",2,"LQMFDDPRNK"
"Eg5",2,"Trypsin/Chymotrypsin",1237.6535,"73-83",2,"GASTKQIDVYR"
"Eg5",2,"Trypsin/Chymotrypsin",1233.6521,"25-34",2,"CRPFNLAERK"
"Eg5",2,"Trypsin/Chymotrypsin",1233.6208,"247-257",0,"ETTIDGEELVK"
"Eg5",2,"Trypsin/Chymotrypsin",1231.664,"49-60",1,"EVSVRTGGLADK"
"Eg5",2,"Trypsin/Chymotrypsin",1215.6804,"319-329",1,"ILQDSLGGRTR"
"Eg5",2,"Trypsin/Chymotrypsin",1213.6324,"306-315",1,"TPHVPYRESK"
"Eg5",2,"Trypsin/Chymotrypsin",1212.6041,"221-231",1,"RTTAATLMNAY"
"Eg5",2,"Trypsin/Chymotrypsin",1210.595,"147-157",1,"LTDNGTEFSVK"
"Eg5",2,"Trypsin/Chymotrypsin",1209.6473,"128-138",0,"EEDPLAGIIPR"
"Eg5",2,"Trypsin/Chymotrypsin",1203.5714,"67-77",2,"TFDMVFGASTK"
"Eg5",2,"Trypsin/Chymotrypsin",1153.5371,"145-154",1,"EKLTDNGTEF"
"Eg5",2,"Trypsin/Chymotrypsin",1150.6718,"155-164",1,"SVKVSLLEIY"
"Eg5",2,"Trypsin/Chymotrypsin",1148.5728,"1-11",1,"MASQPNSSAKK"
"Eg5",2,"Trypsin/Chymotrypsin",1139.6055,"198-207",0,"GLEEITVHNK"
"Eg5",2,"Trypsin/Chymotrypsin",1136.5833,"208-216",1,"DEVYQILEK"
"Eg5",2,"Trypsin/Chymotrypsin",1130.5476,"103-113",2,"AYGQTGTGKTF"
"Eg5",2,"Trypsin/Chymotrypsin",1119.6116,"54-64",2,"TGGLADKSSRK"
"Eg5",2,"Trypsin/Chymotrypsin",1113.6738,"212-221",2,"QILEKGAAKR"
"Eg5",2,"Trypsin/Chymotrypsin",1105.5571,"25-33",1,"CRPFNLAER"
"Eg5",2,"Trypsin/Chymotrypsin",1081.5524,"73-82",1,"GASTKQIDVY"
"Eg5",2,"Trypsin/Chymotrypsin",1056.503,"222-231",0,"TTAATLMNAY"
"Eg5",2,"Trypsin/Chymotrypsin",1025.421,"120-127",1,"SPNEEYTW"
"Eg5",2,"Trypsin/Chymotrypsin",1023.4492,"65-72",2,"TYTFDMVF"
"Eg5",2,"Trypsin/Chymotrypsin",1021.4771,"182-189",1,"LQMFDDPR"
"Eg5",2,"Trypsin/Chymotrypsin",1020.4779,"1-10",0,"MASQPNSSAK"
"Eg5",2,"Trypsin/Chymotrypsin",1015.5571,"139-146",1,"TLHQIFEK"
"Eg5",2,"Trypsin/Chymotrypsin",1012.6262,"16-24",1,"GKNIQVVVR"
"Eg5",2,"Trypsin/Chymotrypsin",991.5167,"54-63",1,"TGGLADKSSR"
"Eg5",2,"Trypsin/Chymotrypsin",970.4298,"112-119",1,"TFTMEGER"
"Eg5",2,"Trypsin/Chymotrypsin",959.5381,"275-283",2,"SGAVDKRAR"
"Eg5",2,"Trypsin/Chymotrypsin",958.5316,"319-327",0,"ILQDSLGGR"
"Eg5",2,"Trypsin/Chymotrypsin",957.5727,"212-220",1,"QILEKGAAK"
"Eg5",2,"Trypsin/Chymotrypsin",955.4553,"69-77",1,"DMVFGASTK"
"Eg5",2,"Trypsin/Chymotrypsin",927.6098,"190-197",2,"NKRGVIIK"
"Eg5",2,"Trypsin/Chymotrypsin",906.4428,"232-239",1,"SSRSHSVF"
"Eg5",2,"Trypsin/Chymotrypsin",900.5513,"298-305",0,"VITALVER"
"Eg5",2,"Trypsin/Chymotrypsin",900.4646,"186-192",2,"DDPRNKR"
"Eg5",2,"Trypsin/Chymotrypsin",896.4472,"105-113",1,"GQTGTGKTF"
"Eg5",2,"Trypsin/Chymotrypsin",896.3996,"147-154",0,"LTDNGTEF"
"Eg5",2,"Trypsin/Chymotrypsin",882.4315,"103-111",1,"AYGQTGTGK"
"Eg5",2,"Trypsin/Chymotrypsin",869.4628,"306-312",0,"TPHVPYR"
"Eg5",2,"Trypsin/Chymotrypsin",836.4764,"158-164",0,"VSLLEIY"
"Eg5",2,"Trypsin/Chymotrypsin",831.3705,"98-104",1,"NCTIFAY"
"Eg5",2,"Trypsin/Chymotrypsin",827.5097,"18-24",0,"NIQVVVR"
"Eg5",2,"Trypsin/Chymotrypsin",815.4444,"240-246",0,"SVTIHMK"
"Eg5",2,"Trypsin/Chymotrypsin",793.4203,"78-83",1,"QIDVYR"
"Eg5",2,"Trypsin/Chymotrypsin",759.3382,"67-72",1,"TFDMVF"
"Eg5",2,"Trypsin/Chymotrypsin",758.4195,"139-144",0,"TLHQIF"
"Eg5",2,"Trypsin/Chymotrypsin",744.3635,"186-191",1,"DDPRNK"
"Eg5",2,"Trypsin/Chymotrypsin",741.389,"61-66",2,"SSRKTY"
"Eg5",2,"Trypsin/Chymotrypsin",738.2941,"120-125",0,"SPNEEY"
"Eg5",2,"Trypsin/Chymotrypsin",733.4203,"313-318",1,"ESKLTR"
"Eg5",2,"Trypsin/Chymotrypsin",732.3998,"275-281",1,"SGAVDKR"
"Eg5",2,"Trypsin/Chymotrypsin",730.4206,"29-34",1,"NLAERK"
"Eg5",2,"Trypsin/Chymotrypsin",722.3137,"114-119",0,"TMEGER"
"Eg5",2,"Trypsin/Chymotrypsin",718.4093,"12-17",2,"KEEKGK"
"Eg5",2,"Trypsin/Chymotrypsin",717.4253,"48-53",1,"KEVSVR"
"Eg5",2,"Trypsin/Chymotrypsin",685.4719,"192-197",1,"RGVIIK"
"Eg5",2,"Trypsin/Chymotrypsin",661.3879,"11-15",2,"KKEEK"
"Eg5",2,"Trypsin/Chymotrypsin",661.3515,"54-60",0,"TGGLADK"
"Eg5",2,"Trypsin/Chymotrypsin",659.3399,"64-68",2,"KTYTF"
"Eg5",2,"Trypsin/Chymotrypsin",651.2984,"165-169",0,"NEELF"
"Eg5",2,"Trypsin/Chymotrypsin",648.3311,"105-111",0,"GQTGTGK"
"Eg5",2,"Trypsin/Chymotrypsin",637.3191,"78-82",0,"QIDVY"
"Eg5",2,"Trypsin/Chymotrypsin",630.3821,"212-216",0,"QILEK"
"Eg5",2,"Trypsin/Chymotrypsin",602.3256,"29-33",0,"NLAER"
"Eg5",2,"Trypsin/Chymotrypsin",597.2701,"98-102",0,"NCTIF"
"Eg5",2,"Trypsin/Chymotrypsin",590.3144,"13-17",1,"EEKGK"
"Eg5",2,"Trypsin/Chymotrypsin",589.3304,"49-53",0,"EVSVR"
"Eg5",2,"Trypsin/Chymotrypsin",582.347,"353-357",1,"AHRAK"
"Eg5",2,"Trypsin/Chymotrypsin",576.2987,"275-280",0,"SGAVDK"
"Eg5",2,"Trypsin/Chymotrypsin",576.2776,"235-239",0,"SHSVF"
"Eg5",2,"Trypsin/Chymotrypsin",538.2694,"182-185",0,"LQMF"
"Eg5",2,"Trypsin/Chymotrypsin",533.2929,"12-15",1,"KEEK"
"Eg5",2,"Trypsin/Chymotrypsin",531.2449,"65-68",1,"TYTF"
"Eg5",2,"Trypsin/Chymotrypsin",529.3708,"193-197",0,"GVIIK"
"Eg5",2,"Trypsin/Chymotrypsin",525.2191,"208-211",0,"DEVY"
"Eg5",2,"Trypsin/Chymotrypsin",522.2493,"25-28",0,"CRPF"
"Eg5",2,"Trypsin/Chymotrypsin",511.2221,"69-72",0,"DMVF"
"Eg5",2,"Trypsin/Chymotrypsin",502.3096,"217-221",1,"GAAKR"
"Eg5",2,"Trypsin/Chymotrypsin",502.2256,"186-189",0,"DDPR"
"Eg5",2,"Asp N / Glu C",4541.3643,"210-250",2,"VYQILEKGAAKRTTAATLMN AYSSRSHSVFSVTIHMKETT I"
"Eg5",2,"Asp N / Glu C",4470.2544,"208-247",2,"DEVYQILEKGAAKRTTAATL MNAYSSRSHSVFSVTIHMKE"
"Eg5",2,"Asp N / Glu C",4447.4531,"305-344",2,"RTPHVPYRESKLTRILQDSL GGRTRTSIIATISPASLNLE"
"Eg5",2,"Asp N / Glu C",4226.1848,"210-247",1,"VYQILEKGAAKRTTAATLMN AYSSRSHSVFSVTIHMKE"
"Eg5",2,"Asp N / Glu C",4157.3669,"285-321",2,"AGNINQSLLTLGRVITALVE RTPHVPYRESKLTRILQ"
"Eg5",2,"Asp N / Glu C",4121.9367,"80-116",2,"DVYRSVVCPILDEVIMGYNC TIFAYGQTGTGKTFTME"
"Eg5",2,"Asp N / Glu C",4097.0542,"216-253",2,"KGAAKRTTAATLMNAYSSRS HSVFSVTIHMKETTIDGE"
"Eg5",2,"Asp N / Glu C",3973.1842,"279-313",2,"DKRAREAGNINQSLLTLGRV ITALVERTPHVPYRE"
"Eg5",2,"Asp N / Glu C",3795.9632,"216-250",1,"KGAAKRTTAATLMNAYSSRS HSVFSVTIHMKETTI"
"Eg5",2,"Asp N / Glu C",3654.8658,"59-90",2,"DKSSRKTYTFDMVFGASTKQ IDVYRSVVCPIL"
"Eg5",2,"Asp N / Glu C",3592.0041,"271-304",2,"NIGRSGAVDKRAREAGNINQ SLLTLGRVITALVE"
"Eg5",2,"Asp N / Glu C",3586.8944,"1-32",2,"MASQPNSSAKKKEEKGKNIQ VVVRCRPFNLAE"
"Eg5",2,"Asp N / Glu C",3480.7838,"216-247",0,"KGAAKRTTAATLMNAYSSRS HSVFSVTIHMKE"
"Eg5",2,"Asp N / Glu C",3440.9071,"314-345",2,"SKLTRILQDSLGGRTRTSII ATISPASLNLEE"
"Eg5",2,"Asp N / Glu C",3402.5439,"93-123",2,"VIMGYNCTIFAYGQTGTGKT FTMEGERSPNE"
"Eg5",2,"Asp N / Glu C",3311.8645,"314-344",1,"SKLTRILQDSLGGRTRTSII ATISPASLNLE"
"Eg5",2,"Asp N / Glu C",3278.7902,"14-42",2,"EKGKNIQVVVRCRPFNLAER KASAHSIVE"
"Eg5",2,"Asp N / Glu C",3252.7568,"15-43",2,"KGKNIQVVVRCRPFNLAERK ASAHSIVEC"
"Eg5",2,"Asp N / Glu C",3250.6888,"50-79",2,"VSVRTGGLADKSSRKTYTFD MVFGASTKQI"
"Eg5",2,"Asp N / Glu C",3217.7803,"285-313",1,"AGNINQSLLTLGRVITALVE RTPHVPYRE"
"Eg5",2,"Asp N / Glu C",3149.7476,"15-42",1,"KGKNIQVVVRCRPFNLAERK ASAHSIVE"
"Eg5",2,"Asp N / Glu C",3145.6586,"322-351",2,"DSLGGRTRTSIIATISPASL NLEETLSTLE"
"Eg5",2,"Asp N / Glu C",3063.342,"91-118",2,"DEVIMGYNCTIFAYGQTGTG KTFTMEGE"
"Eg5",2,"Asp N / Glu C",2881.5894,"346-370",2,"TLSTLEYAHRAKNILNKPEV NQKLT"
"Eg5",2,"Asp N / Glu C",2877.2779,"91-116",1,"DEVIMGYNCTIFAYGQTGTG KTFTME"
"Eg5",2,"Asp N / Glu C",2837.5955,"279-304",1,"DKRAREAGNINQSLLTLGRV ITALVE"
"Eg5",2,"Asp N / Glu C",2819.2725,"93-118",1,"VIMGYNCTIFAYGQTGTGKT FTMEGE"
"Eg5",2,"Asp N / Glu C",2797.4955,"44-68",2,"DPVRKEVSVRTGGLADKSSR KTYTF"
"Eg5",2,"Asp N / Glu C",2685.3262,"69-92",2,"DMVFGASTKQIDVYRSVVCP ILDE"
"Eg5",2,"Asp N / Glu C",2678.4147,"130-153",2,"DPLAGIIPRTLHQIFEKLTD NGTE"
"Eg5",2,"Asp N / Glu C",2633.2084,"93-116",0,"VIMGYNCTIFAYGQTGTGKT FTME"
"Eg5",2,"Asp N / Glu C",2528.2819,"125-145",2,"YTWEEDPLAGIIPRTLHQIF E"
"Eg5",2,"Asp N / Glu C",2501.3205,"322-345",1,"DSLGGRTRTSIIATISPASL NLEE"
"Eg5",2,"Asp N / Glu C",2441.2567,"69-90",1,"DMVFGASTKQIDVYRSVVCP IL"
"Eg5",2,"Asp N / Glu C",2423.398,"255-278",2,"LVKIGKLNLVDLAGSENIGR SGAV"
"Eg5",2,"Asp N / Glu C",2416.3782,"187-207",2,"DPRNKRGVIIKGLEEITVHN K"
"Eg5",2,"Asp N / Glu C",2410.2071,"59-79",1,"DKSSRKTYTFDMVFGASTKQ I"
"Eg5",2,"Asp N / Glu C",2385.3183,"181-200",2,"RLQMFDDPRNKRGVIIKGLE"
"Eg5",2,"Asp N / Glu C",2372.2779,"322-344",0,"DSLGGRTRTSIIATISPASL NLE"
"Eg5",2,"Asp N / Glu C",2327.2353,"345-364",2,"ETLSTLEYAHRAKNILNKPE"
"Eg5",2,"Asp N / Glu C",2291.2757,"129-148",2,"EDPLAGIIPRTLHQIFEKLT"
"Eg5",2,"Asp N / Glu C",2237.2513,"352-370",1,"YAHRAKNILNKPEVNQKLT"
"Eg5",2,"Asp N / Glu C",2200.2019,"14-32",1,"EKGKNIQVVVRCRPFNLAE"
"Eg5",2,"Asp N / Glu C",2198.1927,"346-364",1,"TLSTLEYAHRAKNILNKPE"
"Eg5",2,"Asp N / Glu C",2162.2331,"130-148",1,"DPLAGIIPRTLHQIFEKLT"
"Eg5",2,"Asp N / Glu C",2101.0744,"265-284",2,"DLAGSENIGRSGAVDKRARE"
"Eg5",2,"Asp N / Glu C",2094.193,"305-321",1,"RTPHVPYRESKLTRILQ"
"Eg5",2,"Asp N / Glu C",2082.1917,"285-304",0,"AGNINQSLLTLGRVITALVE"
"Eg5",2,"Asp N / Glu C",2073.1087,"50-68",1,"VSVRTGGLADKSSRKTYTF"
"Eg5",2,"Asp N / Glu C",2071.1593,"15-32",0,"KGKNIQVVVRCRPFNLAE"
"Eg5",2,"Asp N / Glu C",2057.0073,"149-166",2,"DNGTEFSVKVSLLEIYNE"
"Eg5",2,"Asp N / Glu C",1949.049,"129-145",1,"EDPLAGIIPRTLHQIFE"
"Eg5",2,"Asp N / Glu C",1925.0021,"33-49",2,"RKASAHSIVECDPVRKE"
"Eg5",2,"Asp N / Glu C",1880.0011,"146-162",2,"KLTDNGTEFSVKVSLLE"
"Eg5",2,"Asp N / Glu C",1850.8953,"170-185",2,"DLLNPSSDVSERLQMF"
"Eg5",2,"Asp N / Glu C",1839.0082,"186-201",2,"DDPRNKRGVIIKGLEE"
"Eg5",2,"Asp N / Glu C",1820.0064,"130-145",0,"DPLAGIIPRTLHQIFE"
"Eg5",2,"Asp N / Glu C",1798.032,"254-270",2,"ELVKIGKLNLVDLAGSE"
"Eg5",2,"Asp N / Glu C",1723.9813,"187-201",1,"DPRNKRGVIIKGLEE"
"Eg5",2,"Asp N / Glu C",1709.9656,"186-200",1,"DDPRNKRGVIIKGLE"
"Eg5",2,"Asp N / Glu C",1700.8853,"202-215",2,"ITVHNKDEVYQILE"
"Eg5",2,"Asp N / Glu C",1686.8955,"43-58",2,"CDPVRKEVSVRTGGLA"
"Eg5",2,"Asp N / Glu C",1669.8683,"154-167",2,"FSVKVSLLEIYNEE"
"Eg5",2,"Asp N / Glu C",1668.9894,"255-270",1,"LVKIGKLNLVDLAGSE"
"Eg5",2,"Asp N / Glu C",1594.9387,"187-200",0,"DPRNKRGVIIKGLE"
"Eg5",2,"Asp N / Glu C",1583.8863,"44-58",1,"DPVRKEVSVRTGGLA"
"Eg5",2,"Asp N / Glu C",1553.8546,"352-364",0,"YAHRAKNILNKPE"
"Eg5",2,"Asp N / Glu C",1540.8257,"154-166",1,"FSVKVSLLEIYNE"
"Eg5",2,"Asp N / Glu C",1537.7744,"149-162",1,"DNGTEFSVKVSLLE"
"Eg5",2,"Asp N / Glu C",1534.753,"1-14",1,"MASQPNSSAKKKEE"
"Eg5",2,"Asp N / Glu C",1528.8302,"271-284",1,"NIGRSGAVDKRARE"
"Eg5",2,"Asp N / Glu C",1526.8788,"251-264",2,"DGEELVKIGKLNLV"
"Eg5",2,"Asp N / Glu C",1507.7461,"80-92",1,"DVYRSVVCPILDE"
"Eg5",2,"Asp N / Glu C",1435.6951,"168-180",2,"LFDLLNPSSDVSE"
"Eg5",2,"Asp N / Glu C",1405.7104,"1-13",0,"MASQPNSSAKKKE"
"Eg5",2,"Asp N / Glu C",1345.6706,"265-278",1,"DLAGSENIGRSGAV"
"Eg5",2,"Asp N / Glu C",1310.5647,"119-128",2,"RSPNEEYTWE"
"Eg5",2,"Asp N / Glu C",1263.6765,"80-90",0,"DVYRSVVCPIL"
"Eg5",2,"Asp N / Glu C",1239.5674,"177-186",2,"DVSERLQMFD"
"Eg5",2,"Asp N / Glu C",1232.627,"59-68",0,"DKSSRKTYTF"
"Eg5",2,"Asp N / Glu C",1225.7878,"254-264",1,"ELVKIGKLNLV"
"Eg5",2,"Asp N / Glu C",1200.6153,"33-43",1,"RKASAHSIVEC"
"Eg5",2,"Asp N / Glu C",1196.598,"69-79",0,"DMVFGASTKQI"
"Eg5",2,"Asp N / Glu C",1175.5426,"170-180",1,"DLLNPSSDVSE"
"Eg5",2,"Asp N / Glu C",1154.6065,"305-313",0,"RTPHVPYRE"
"Eg5",2,"Asp N / Glu C",1134.5677,"167-176",2,"ELFDLLNPSS"
"Eg5",2,"Asp N / Glu C",1124.5404,"177-185",1,"DVSERLQMF"
"Eg5",2,"Asp N / Glu C",1097.6061,"33-42",0,"RKASAHSIVE"
"Eg5",2,"Asp N / Glu C",1096.7452,"255-264",0,"LVKIGKLNLV"
"Eg5",2,"Asp N / Glu C",1084.5269,"201-209",2,"EITVHNKDE"
"Eg5",2,"Asp N / Glu C",1021.5928,"154-162",0,"FSVKVSLLE"
"Eg5",2,"Asp N / Glu C",1008.4884,"208-215",1,"DEVYQILE"
"Eg5",2,"Asp N / Glu C",1005.5251,"168-176",1,"LFDLLNPSS"
"Eg5",2,"Asp N / Glu C",958.6044,"314-321",0,"SKLTRILQ"
"Eg5",2,"Asp N / Glu C",955.4843,"202-209",1,"ITVHNKDE"
"Eg5",2,"Asp N / Glu C",927.4458,"163-169",2,"IYNEELF"
"Eg5",2,"Asp N / Glu C",917.3959,"117-124",2,"GERSPNEE"
"Eg5",2,"Asp N / Glu C",877.4261,"146-153",1,"KLTDNGTE"
"Eg5",2,"Asp N / Glu C",859.4996,"50-58",0,"VSVRTGGLA"
"Eg5",2,"Asp N / Glu C",856.3359,"124-129",2,"EYTWEE"
"Eg5",2,"Asp N / Glu C",846.4138,"43-49",1,"CDPVRKE"
"Eg5",2,"Asp N / Glu C",840.4574,"201-207",1,"EITVHNK"
"Eg5",2,"Asp N / Glu C",809.3974,"181-186",1,"RLQMFD"
"Eg5",2,"Asp N / Glu C",792.3985,"345-351",1,"ETLSTLE"
"Eg5",2,"Asp N / Glu C",788.3533,"117-123",1,"GERSPNE"
"Eg5",2,"Asp N / Glu C",774.4216,"279-284",0,"DKRARE"
"Eg5",2,"Asp N / Glu C",773.4264,"271-278",0,"NIGRSGAV"
"Eg5",2,"Asp N / Glu C",764.4189,"210-215",0,"VYQILE"
"Eg5",2,"Asp N / Glu C",764.3308,"248-254",2,"TTIDGEE"
"Eg5",2,"Asp N / Glu C",745.3726,"170-176",0,"DLLNPSS"
"Eg5",2,"Asp N / Glu C",743.4046,"44-49",0,"DPVRKE"
"Eg5",2,"Asp N / Glu C",731.3318,"119-124",1,"RSPNEE"
"Eg5",2,"Asp N / Glu C",727.2933,"124-128",1,"EYTWE"
"Eg5",2,"Asp N / Glu C",727.2933,"125-129",1,"YTWEE"
"Eg5",2,"Asp N / Glu C",711.4148,"202-207",0,"ITVHNK"
"Eg5",2,"Asp N / Glu C",702.4144,"365-370",0,"VNQKLT"
"Eg5",2,"Asp N / Glu C",694.3705,"181-185",0,"RLQMF"
"Eg5",2,"Asp N / Glu C",667.2933,"163-167",1,"IYNEE"
"Eg5",2,"Asp N / Glu C",663.3559,"346-351",0,"TLSTLE"
"Eg5",2,"Asp N / Glu C",635.2882,"248-253",1,"TTIDGE"
"Eg5",2,"Asp N / Glu C",602.2892,"119-123",0,"RSPNE"
"Eg5",2,"Asp N / Glu C",598.2507,"125-128",0,"YTWE"
"Eg5",2,"Asp N / Glu C",591.262,"265-270",0,"DLAGSE"
"Eg5",2,"Asp N / Glu C",538.2507,"163-166",0,"IYNE"
"Eg5",2,"Asp N / Glu C",535.1994,"149-153",0,"DNGTE"
