"Protein","Missed Cleavages Max","Mass","Position","Missed Clevages","Sequence"
"RhoA",1,5397.5817,"52-98",1,"QVELALWDTAGQEDYDRLRP LSYPDTDVILMCFSIDSPDS LENIPEK"
"RhoA",1,4763.231,"28-68",1,"DQFPEVYVPTVFENYVADIE VDGKQVELALWDTAGQEDYD R"
"RhoA",1,4148.0606,"69-104",1,"LRPLSYPDTDVILMCFSIDS PDSLENIPEKWTPEVK"
"RhoA",1,3777.8971,"19-51",1,"TCLLIVFSKDQFPEVYVPTV FENYVADIEVDGK"
"RhoA",1,3407.6749,"69-98",0,"LRPLSYPDTDVILMCFSIDS PDSLENIPEK"
"RhoA",1,2773.3242,"28-51",0,"DQFPEVYVPTVFENYVADIE VDGK"
"RhoA",1,2291.2368,"99-118",1,"WTPEVKHFCPNVPIILVGNK"
"RhoA",1,2036.1282,"8-27",1,"LVIVGDGACGKTCLLIVFSK"
"RhoA",1,2008.9246,"52-68",0,"QVELALWDTAGQEDYDR"
"RhoA",1,1863.8186,"146-162",1,"DMANRIGAFGYMECSAK"
"RhoA",1,1755.8442,"136-150",1,"QEPVKPEEGRDMANR"
"RhoA",1,1678.9461,"105-119",1,"HFCPNVPIILVGNKK"
"RhoA",1,1592.8213,"169-182",1,"EVFEMATRAALQAR"
"RhoA",1,1550.8511,"105-118",0,"HFCPNVPIILVGNK"
"RhoA",1,1505.7127,"151-164",1,"IGAFGYMECSAKTK"
"RhoA",1,1427.7311,"134-145",1,"MKQEPVKPEEGR"
"RhoA",1,1409.6841,"165-176",1,"DGVREVFEMATR"
"RhoA",1,1276.57,"151-162",0,"IGAFGYMECSAK"
"RhoA",1,1168.5956,"136-145",0,"QEPVKPEEGR"
"RhoA",1,1159.6503,"7-18",1,"KLVIVGDGACGK"
"RhoA",1,1155.5501,"120-128",1,"DLRNDEHTR"
"RhoA",1,1031.5553,"8-18",0,"LVIVGDGACGK"
"RhoA",1,1023.5907,"19-27",0,"TCLLIVFSK"
"RhoA",1,982.4662,"169-176",0,"EVFEMATR"
"RhoA",1,927.4391,"123-129",1,"NDEHTRR"
"RhoA",1,785.474,"177-183",1,"AALQARR"
"RhoA",1,771.338,"123-128",0,"NDEHTR"
"RhoA",1,759.4035,"99-104",0,"WTPEVK"
"RhoA",1,719.412,"130-135",1,"ELAKMK"
"RhoA",1,689.4127,"1-6",1,"MAAIRK"
"RhoA",1,675.3784,"163-168",1,"TKDGVR"
"RhoA",1,629.3729,"177-182",0,"AALQAR"
"RhoA",1,616.3777,"129-133",1,"RELAK"
"RhoA",1,606.2664,"146-150",0,"DMANR"
"RhoA",1,561.3177,"1-5",0,"MAAIR"
"RhoA",1,531.3249,"119-122",1,"KDLR"
"RhoA",2,8151.8881,"28-98",2,"DQFPEVYVPTVFENYVADIE VDGKQVELALWDTAGQEDYD RLRPLSYPDTDVILMCFSID SPDSLENIPEK"
"RhoA",2,6137.9674,"52-104",2,"QVELALWDTAGQEDYDRLRP LSYPDTDVILMCFSIDSPDS LENIPEKWTPEVK"
"RhoA",2,5767.8039,"19-68",2,"TCLLIVFSKDQFPEVYVPTV FENYVADIEVDGKQVELALW DTAGQEDYDR"
"RhoA",2,5679.8939,"69-118",2,"LRPLSYPDTDVILMCFSIDS PDSLENIPEKWTPEVKHFCP NVPIILVGNK"
"RhoA",2,5397.5817,"52-98",1,"QVELALWDTAGQEDYDRLRP LSYPDTDVILMCFSIDSPDS LENIPEK"
"RhoA",2,4790.4346,"8-51",2,"LVIVGDGACGKTCLLIVFSK DQFPEVYVPTVFENYVADIE VDGK"
"RhoA",2,4763.231,"28-68",1,"DQFPEVYVPTVFENYVADIE VDGKQVELALWDTAGQEDYD R"
"RhoA",2,4148.0606,"69-104",1,"LRPLSYPDTDVILMCFSIDS PDSLENIPEKWTPEVK"
"RhoA",2,3777.8971,"19-51",1,"TCLLIVFSKDQFPEVYVPTV FENYVADIEVDGK"
"RhoA",2,3407.6749,"69-98",0,"LRPLSYPDTDVILMCFSIDS PDSLENIPEK"
"RhoA",2,3013.3964,"136-162",2,"QEPVKPEEGRDMANRIGAFG YMECSAK"
"RhoA",2,2773.3242,"28-51",0,"DQFPEVYVPTVFENYVADIE VDGK"
"RhoA",2,2419.3318,"99-119",2,"WTPEVKHFCPNVPIILVGNK K"
"RhoA",2,2291.2368,"99-118",1,"WTPEVKHFCPNVPIILVGNK"
"RhoA",2,2164.2232,"7-27",2,"KLVIVGDGACGKTCLLIVFS K"
"RhoA",2,2092.9612,"146-164",2,"DMANRIGAFGYMECSAKTK"
"RhoA",2,2063.1582,"105-122",2,"HFCPNVPIILVGNKKDLR"
"RhoA",2,2036.1282,"8-27",1,"LVIVGDGACGKTCLLIVFSK"
"RhoA",2,2020.0392,"165-182",2,"DGVREVFEMATRAALQAR"
"RhoA",2,2014.9797,"134-150",2,"MKQEPVKPEEGRDMANR"
"RhoA",2,2008.9246,"52-68",0,"QVELALWDTAGQEDYDR"
"RhoA",2,1932.9306,"151-168",2,"IGAFGYMECSAKTKDGVR"
"RhoA",2,1868.9898,"130-145",2,"ELAKMKQEPVKPEEGR"
"RhoA",2,1863.8186,"146-162",1,"DMANRIGAFGYMECSAK"
"RhoA",2,1755.8442,"136-150",1,"QEPVKPEEGRDMANR"
"RhoA",2,1748.9224,"169-183",2,"EVFEMATRAALQARR"
"RhoA",2,1678.9461,"105-119",1,"HFCPNVPIILVGNKK"
"RhoA",2,1638.8268,"163-176",2,"TKDGVREVFEMATR"
"RhoA",2,1592.8213,"169-182",1,"EVFEMATRAALQAR"
"RhoA",2,1550.8511,"105-118",0,"HFCPNVPIILVGNK"
"RhoA",2,1505.7127,"151-164",1,"IGAFGYMECSAKTK"
"RhoA",2,1427.7311,"134-145",1,"MKQEPVKPEEGR"
"RhoA",2,1409.6841,"165-176",1,"DGVREVFEMATR"
"RhoA",2,1368.6978,"123-133",2,"NDEHTRRELAK"
"RhoA",2,1311.6512,"120-129",2,"DLRNDEHTRR"
"RhoA",2,1287.7453,"6-18",2,"KKLVIVGDGACGK"
"RhoA",2,1283.6451,"119-128",2,"KDLRNDEHTR"
"RhoA",2,1276.57,"151-162",0,"IGAFGYMECSAK"
"RhoA",2,1168.5956,"136-145",0,"QEPVKPEEGR"
"RhoA",2,1159.6503,"7-18",1,"KLVIVGDGACGK"
"RhoA",2,1155.5501,"120-128",1,"DLRNDEHTR"
"RhoA",2,1031.5553,"8-18",0,"LVIVGDGACGK"
"RhoA",2,1023.5907,"19-27",0,"TCLLIVFSK"
"RhoA",2,982.4662,"169-176",0,"EVFEMATR"
"RhoA",2,970.5904,"177-185",2,"AALQARRGK"
"RhoA",2,927.4391,"123-129",1,"NDEHTRR"
"RhoA",2,875.5131,"129-135",2,"RELAKMK"
"RhoA",2,817.5076,"1-7",2,"MAAIRKK"
"RhoA",2,785.474,"177-183",1,"AALQARR"
"RhoA",2,771.338,"123-128",0,"NDEHTR"
"RhoA",2,759.4035,"99-104",0,"WTPEVK"
"RhoA",2,719.412,"130-135",1,"ELAKMK"
"RhoA",2,689.4127,"1-6",1,"MAAIRK"
"RhoA",2,675.3784,"163-168",1,"TKDGVR"
"RhoA",2,629.3729,"177-182",0,"AALQAR"
"RhoA",2,616.3777,"129-133",1,"RELAK"
"RhoA",2,606.2664,"146-150",0,"DMANR"
"RhoA",2,561.3177,"1-5",0,"MAAIR"
"RhoA",2,531.3249,"119-122",1,"KDLR"
"RhoA",2,522.2704,"186-190",2,"KKSGC"
"Eg5",1,3972.96,"147-181",1,"LTDNGTEFSVKVSLLEIYNE ELFDLLNPSSDVSER"
"Eg5",1,3930.842,"84-119",1,"SVVCPILDEVIMGYNCTIFA YGQTGTGKTFTMEGER"
"Eg5",1,3783.8421,"158-189",1,"VSLLEIYNEELFDLLNPSSD VSERLQMFDDPR"
"Eg5",1,3753.8324,"78-111",1,"QIDVYRSVVCPILDEVIMGY NCTIFAYGQTGTGK"
"Eg5",1,3212.5898,"120-146",1,"SPNEEYTWEEDPLAGIIPRT LHQIFEK"
"Eg5",1,3167.4626,"112-138",1,"TFTMEGERSPNEEYTWEEDP LAGIIPR"
"Eg5",1,3087.632,"328-355",1,"TRTSIIATISPASLNLEETL STLEYAHR"
"Eg5",1,3029.6153,"330-357",1,"TSIIATISPASLNLEETLST LEYAHRAK"
"Eg5",1,2979.43,"84-111",0,"SVVCPILDEVIMGYNCTIFA YGQTGTGK"
"Eg5",1,2830.4832,"330-355",0,"TSIIATISPASLNLEETLST LEYAHR"
"Eg5",1,2781.3828,"158-181",0,"VSLLEIYNEELFDLLNPSSD VSER"
"Eg5",1,2740.3545,"222-246",1,"TTAATLMNAYSSRSHSVFSV TIHMK"
"Eg5",1,2587.3072,"235-257",1,"SHSVFSVTIHMKETTIDGEE LVK"
"Eg5",1,2367.3354,"284-305",1,"EAGNINQSLLTLGRVITALV ER"
"Eg5",1,2257.171,"198-216",1,"GLEEITVHNKDEVYQILEK"
"Eg5",1,2242.0848,"65-83",1,"TYTFDMVFGASTKQIDVYR"
"Eg5",1,2216.0505,"120-138",0,"SPNEEYTWEEDPLAGIIPR"
"Eg5",1,2207.1342,"139-157",1,"TLHQIFEKLTDNGTEFSVK"
"Eg5",1,2028.0719,"261-280",1,"LNLVDLAGSENIGRSGAVDK"
"Eg5",1,1914.049,"18-33",1,"NIQVVVRCRPFNLAER"
"Eg5",1,1768.9915,"258-274",1,"IGKLNLVDLAGSENIGR"
"Eg5",1,1750.9962,"298-312",1,"VITALVERTPHVPYR"
"Eg5",1,1712.9402,"282-297",1,"AREAGNINQSLLTLGR"
"Eg5",1,1649.9584,"193-207",1,"GVIIKGLEEITVHNK"
"Eg5",1,1595.7774,"64-77",1,"KTYTFDMVFGASTK"
"Eg5",1,1542.7693,"221-234",1,"RTTAATLMNAYSSR"
"Eg5",1,1531.8213,"247-260",1,"ETTIDGEELVKIGK"
"Eg5",1,1511.7634,"34-47",1,"KASAHSIVECDPVR"
"Eg5",1,1511.7634,"35-48",1,"ASAHSIVECDPVRK"
"Eg5",1,1510.8587,"358-370",1,"NILNKPEVNQKLT"
"Eg5",1,1495.8591,"356-368",1,"AKNILNKPEVNQK"
"Eg5",1,1485.8019,"284-297",0,"EAGNINQSLLTLGR"
"Eg5",1,1470.791,"261-274",0,"LNLVDLAGSENIGR"
"Eg5",1,1467.6824,"65-77",0,"TYTFDMVFGASTK"
"Eg5",1,1463.774,"208-220",1,"DEVYQILEKGAAK"
"Eg5",1,1386.6682,"222-234",0,"TTAATLMNAYSSR"
"Eg5",1,1383.6685,"35-47",0,"ASAHSIVECDPVR"
"Eg5",1,1372.7042,"235-246",0,"SHSVFSVTIHMK"
"Eg5",1,1328.7644,"316-327",1,"LTRILQDSLGGR"
"Eg5",1,1296.727,"358-368",0,"NILNKPEVNQK"
"Eg5",1,1263.615,"182-191",1,"LQMFDDPRNK"
"Eg5",1,1233.6521,"25-34",1,"CRPFNLAERK"
"Eg5",1,1233.6208,"247-257",0,"ETTIDGEELVK"
"Eg5",1,1231.664,"49-60",1,"EVSVRTGGLADK"
"Eg5",1,1215.6804,"319-329",1,"ILQDSLGGRTR"
"Eg5",1,1213.6324,"306-315",1,"TPHVPYRESK"
"Eg5",1,1210.595,"147-157",0,"LTDNGTEFSVK"
"Eg5",1,1148.5728,"1-11",1,"MASQPNSSAKK"
"Eg5",1,1139.6055,"198-207",0,"GLEEITVHNK"
"Eg5",1,1136.5833,"208-216",0,"DEVYQILEK"
"Eg5",1,1105.5571,"25-33",0,"CRPFNLAER"
"Eg5",1,1021.4771,"182-189",0,"LQMFDDPR"
"Eg5",1,1020.4779,"1-10",0,"MASQPNSSAK"
"Eg5",1,1015.5571,"139-146",0,"TLHQIFEK"
"Eg5",1,1012.6262,"16-24",1,"GKNIQVVVR"
"Eg5",1,991.5167,"54-63",1,"TGGLADKSSR"
"Eg5",1,970.4298,"112-119",0,"TFTMEGER"
"Eg5",1,958.5316,"319-327",0,"ILQDSLGGR"
"Eg5",1,900.5513,"298-305",0,"VITALVER"
"Eg5",1,869.4628,"306-312",0,"TPHVPYR"
"Eg5",1,827.5097,"18-24",0,"NIQVVVR"
"Eg5",1,793.4203,"78-83",0,"QIDVYR"
"Eg5",1,733.4203,"313-318",1,"ESKLTR"
"Eg5",1,732.3998,"275-281",1,"SGAVDKR"
"Eg5",1,717.4253,"48-53",1,"KEVSVR"
"Eg5",1,685.4719,"192-197",1,"RGVIIK"
"Eg5",1,661.3515,"54-60",0,"TGGLADK"
"Eg5",1,590.3144,"13-17",1,"EEKGK"
"Eg5",1,589.3304,"49-53",0,"EVSVR"
"Eg5",1,576.2987,"275-280",0,"SGAVDK"
"Eg5",1,533.2929,"12-15",1,"KEEK"
"Eg5",1,529.3708,"193-197",0,"GVIIK"
"Eg5",1,502.3096,"217-221",1,"GAAKR"
"Eg5",2,6127.8747,"84-138",2,"SVVCPILDEVIMGYNCTIFA YGQTGTGKTFTMEGERSPNE EYTWEEDPLAGIIPR"
"Eg5",2,5202.497,"65-111",2,"TYTFDMVFGASTKQIDVYRS VVCPILDEVIMGYNCTIFAY GQTGTGK"
"Eg5",2,4975.4193,"147-189",2,"LTDNGTEFSVKVSLLEIYNE ELFDLLNPSSDVSERLQMFD DPR"
"Eg5",2,4969.4992,"139-181",2,"TLHQIFEKLTDNGTEFSVKV SLLEIYNEELFDLLNPSSDV SER"
"Eg5",2,4705.2445,"78-119",2,"QIDVYRSVVCPILDEVIMGY NCTIFAYGQTGTGKTFTMEG ER"
"Eg5",2,4404.1669,"120-157",2,"SPNEEYTWEEDPLAGIIPRT LHQIFEKLTDNGTEFSVK"
"Eg5",2,4307.3245,"330-368",2,"TSIIATISPASLNLEETLST LEYAHRAKNILNKPEVNQK"
"Eg5",2,4164.0018,"112-146",2,"TFTMEGERSPNEEYTWEEDP LAGIIPRTLHQIFEK"
"Eg5",2,4027.1458,"319-355",2,"ILQDSLGGRTRTSIIATISP ASLNLEETLSTLEYAHR"
"Eg5",2,4025.98,"158-191",2,"VSLLEIYNEELFDLLNPSSD VSERLQMFDDPRNK"
"Eg5",2,3972.96,"147-181",1,"LTDNGTEFSVKVSLLEIYNE ELFDLLNPSSDVSER"
"Eg5",2,3954.9575,"222-257",2,"TTAATLMNAYSSRSHSVFSV TIHMKETTIDGEELVK"
"Eg5",2,3930.842,"84-119",1,"SVVCPILDEVIMGYNCTIFA YGQTGTGKTFTMEGER"
"Eg5",2,3783.8421,"158-189",1,"VSLLEIYNEELFDLLNPSSD VSERLQMFDDPR"
"Eg5",2,3753.8324,"78-111",1,"QIDVYRSVVCPILDEVIMGY NCTIFAYGQTGTGK"
"Eg5",2,3286.7641,"328-357",2,"TRTSIIATISPASLNLEETL STLEYAHRAK"
"Eg5",2,3217.7803,"284-312",2,"EAGNINQSLLTLGRVITALV ERTPHVPYR"
"Eg5",2,3212.5898,"120-146",1,"SPNEEYTWEEDPLAGIIPRT LHQIFEK"
"Eg5",2,3167.4626,"112-138",1,"TFTMEGERSPNEEYTWEEDP LAGIIPR"
"Eg5",2,3087.632,"328-355",1,"TRTSIIATISPASLNLEETL STLEYAHR"
"Eg5",2,3029.6153,"330-357",1,"TSIIATISPASLNLEETLST LEYAHRAK"
"Eg5",2,2983.5945,"247-274",2,"ETTIDGEELVKIGKLNLVDL AGSENIGR"
"Eg5",2,2979.43,"84-111",0,"SVVCPILDEVIMGYNCTIFA YGQTGTGK"
"Eg5",2,2896.4556,"221-246",2,"RTTAATLMNAYSSRSHSVFS VTIHMK"
"Eg5",2,2885.5077,"235-260",2,"SHSVFSVTIHMKETTIDGEE LVKIGK"
"Eg5",2,2830.4832,"330-355",0,"TSIIATISPASLNLEETLST LEYAHR"
"Eg5",2,2781.3828,"158-181",0,"VSLLEIYNEELFDLLNPSSD VSER"
"Eg5",2,2767.5239,"193-216",2,"GVIIKGLEEITVHNKDEVYQ ILEK"
"Eg5",2,2740.3545,"222-246",1,"TTAATLMNAYSSRSHSVFSV TIHMK"
"Eg5",2,2598.3027,"25-47",2,"CRPFNLAERKASAHSIVECD PVR"
"Eg5",2,2594.4736,"282-305",2,"AREAGNINQSLLTLGRVITA LVER"
"Eg5",2,2587.3072,"235-257",1,"SHSVFSVTIHMKETTIDGEE LVK"
"Eg5",2,2584.3616,"198-220",2,"GLEEITVHNKDEVYQILEKG AAK"
"Eg5",2,2370.1798,"64-83",2,"KTYTFDMVFGASTKQIDVYR"
"Eg5",2,2367.3354,"284-305",1,"EAGNINQSLLTLGRVITALV ER"
"Eg5",2,2326.2724,"258-280",2,"IGKLNLVDLAGSENIGRSGA VDK"
"Eg5",2,2257.171,"198-216",1,"GLEEITVHNKDEVYQILEK"
"Eg5",2,2242.0848,"65-83",1,"TYTFDMVFGASTKQIDVYR"
"Eg5",2,2216.0505,"120-138",0,"SPNEEYTWEEDPLAGIIPR"
"Eg5",2,2207.1342,"139-157",1,"TLHQIFEKLTDNGTEFSVK"
"Eg5",2,2184.1731,"261-281",2,"LNLVDLAGSENIGRSGAVDK R"
"Eg5",2,2099.1654,"16-33",2,"GKNIQVVVRCRPFNLAER"
"Eg5",2,2095.1658,"298-315",2,"VITALVERTPHVPYRESK"
"Eg5",2,2082.076,"35-53",2,"ASAHSIVECDPVRKEVSVR"
"Eg5",2,2042.144,"18-34",2,"NIQVVVRCRPFNLAERK"
"Eg5",2,2028.0719,"261-280",1,"LNLVDLAGSENIGRSGAVDK"
"Eg5",2,1925.9425,"61-77",2,"SSRKTYTFDMVFGASTK"
"Eg5",2,1914.049,"18-33",1,"NIQVVVRCRPFNLAER"
"Eg5",2,1869.9599,"217-234",2,"GAAKRTTAATLMNAYSSR"
"Eg5",2,1869.0413,"281-297",2,"RAREAGNINQSLLTLGR"
"Eg5",2,1806.0595,"192-207",2,"RGVIIKGLEEITVHNK"
"Eg5",2,1768.9915,"258-274",1,"IGKLNLVDLAGSENIGR"
"Eg5",2,1750.9962,"298-312",1,"VITALVERTPHVPYR"
"Eg5",2,1712.9402,"282-297",1,"AREAGNINQSLLTLGR"
"Eg5",2,1709.9908,"356-370",2,"AKNILNKPEVNQKLT"
"Eg5",2,1672.934,"313-327",2,"ESKLTRILQDSLGGR"
"Eg5",2,1649.9584,"193-207",1,"GVIIKGLEEITVHNK"
"Eg5",2,1639.8584,"34-48",2,"KASAHSIVECDPVRK"
"Eg5",2,1619.8751,"208-221",2,"DEVYQILEKGAAKR"
"Eg5",2,1595.7774,"64-77",1,"KTYTFDMVFGASTK"
"Eg5",2,1585.9132,"316-329",2,"LTRILQDSLGGRTR"
"Eg5",2,1583.8652,"306-318",2,"TPHVPYRESKLTR"
"Eg5",2,1561.8292,"49-63",2,"EVSVRTGGLADKSSR"
"Eg5",2,1542.7693,"221-234",1,"RTTAATLMNAYSSR"
"Eg5",2,1531.8213,"247-260",1,"ETTIDGEELVKIGK"
"Eg5",2,1511.7634,"34-47",1,"KASAHSIVECDPVR"
"Eg5",2,1511.7634,"35-48",1,"ASAHSIVECDPVRK"
"Eg5",2,1510.8587,"358-370",1,"NILNKPEVNQKLT"
"Eg5",2,1495.8591,"356-368",1,"AKNILNKPEVNQK"
"Eg5",2,1485.8019,"284-297",0,"EAGNINQSLLTLGR"
"Eg5",2,1470.791,"261-274",0,"LNLVDLAGSENIGR"
"Eg5",2,1467.6824,"65-77",0,"TYTFDMVFGASTK"
"Eg5",2,1463.774,"208-220",1,"DEVYQILEKGAAK"
"Eg5",2,1419.7161,"182-192",2,"LQMFDDPRNKR"
"Eg5",2,1398.8063,"13-24",2,"EEKGKNIQVVVR"
"Eg5",2,1386.6682,"222-234",0,"TTAATLMNAYSSR"
"Eg5",2,1383.6685,"35-47",0,"ASAHSIVECDPVR"
"Eg5",2,1372.7042,"235-246",0,"SHSVFSVTIHMK"
"Eg5",2,1359.759,"48-60",2,"KEVSVRTGGLADK"
"Eg5",2,1328.7644,"316-327",1,"LTRILQDSLGGR"
"Eg5",2,1296.727,"358-368",0,"NILNKPEVNQK"
"Eg5",2,1276.6678,"1-12",2,"MASQPNSSAKKK"
"Eg5",2,1263.615,"182-191",1,"LQMFDDPRNK"
"Eg5",2,1233.6521,"25-34",1,"CRPFNLAERK"
"Eg5",2,1233.6208,"247-257",0,"ETTIDGEELVK"
"Eg5",2,1231.664,"49-60",1,"EVSVRTGGLADK"
"Eg5",2,1215.6804,"319-329",1,"ILQDSLGGRTR"
"Eg5",2,1213.6324,"306-315",1,"TPHVPYRESK"
"Eg5",2,1210.595,"147-157",0,"LTDNGTEFSVK"
"Eg5",2,1148.5728,"1-11",1,"MASQPNSSAKK"
"Eg5",2,1139.6055,"198-207",0,"GLEEITVHNK"
"Eg5",2,1136.5833,"208-216",0,"DEVYQILEK"
"Eg5",2,1119.6116,"54-64",2,"TGGLADKSSRK"
"Eg5",2,1105.5571,"25-33",0,"CRPFNLAER"
"Eg5",2,1021.4771,"182-189",0,"LQMFDDPR"
"Eg5",2,1020.4779,"1-10",0,"MASQPNSSAK"
"Eg5",2,1015.5571,"139-146",0,"TLHQIFEK"
"Eg5",2,1012.6262,"16-24",1,"GKNIQVVVR"
"Eg5",2,991.5167,"54-63",1,"TGGLADKSSR"
"Eg5",2,970.4298,"112-119",0,"TFTMEGER"
"Eg5",2,959.5381,"275-283",2,"SGAVDKRAR"
"Eg5",2,958.5316,"319-327",0,"ILQDSLGGR"
"Eg5",2,927.6098,"190-197",2,"NKRGVIIK"
"Eg5",2,900.5513,"298-305",0,"VITALVER"
"Eg5",2,869.4628,"306-312",0,"TPHVPYR"
"Eg5",2,827.5097,"18-24",0,"NIQVVVR"
"Eg5",2,793.4203,"78-83",0,"QIDVYR"
"Eg5",2,733.4203,"313-318",1,"ESKLTR"
"Eg5",2,732.3998,"275-281",1,"SGAVDKR"
"Eg5",2,718.4093,"12-17",2,"KEEKGK"
"Eg5",2,717.4253,"48-53",1,"KEVSVR"
"Eg5",2,685.4719,"192-197",1,"RGVIIK"
"Eg5",2,661.3879,"11-15",2,"KKEEK"
"Eg5",2,661.3515,"54-60",0,"TGGLADK"
"Eg5",2,590.3144,"13-17",1,"EEKGK"
"Eg5",2,589.3304,"49-53",0,"EVSVR"
"Eg5",2,576.2987,"275-280",0,"SGAVDK"
"Eg5",2,533.2929,"12-15",1,"KEEK"
"Eg5",2,529.3708,"193-197",0,"GVIIK"
"Eg5",2,502.3096,"217-221",1,"GAAKR"
